date,equity,cum_ret
2020-01-02,1000000.0,0.0
2020-01-03,1010048.5680238507,0.01004856802385068
2020-01-07,1009162.1128919263,0.009162112891926366
2020-01-08,1025869.8278068454,0.025869827806845436
2020-01-09,1013547.6714010498,0.013547671401049843
2020-01-10,1015570.4750824835,0.015570475082483437
2020-01-13,1006351.8194972065,0.0063518194972065345
2020-01-14,1002067.9948291287,0.002067994829128672
2020-01-15,999787.2926330556,-0.00021270736694445347
2020-01-16,1002563.339459487,0.0025633394594870573
2020-01-17,998829.935793367,-0.0011700642066330147
2020-01-20,992683.286067882,-0.00731671393211808
2020-01-21,989247.6588984847,-0.01075234110151535
2020-01-22,989247.6588984847,-0.01075234110151535
2020-01-23,989247.6588984847,-0.01075234110151535
2020-01-24,989247.6588984847,-0.01075234110151535
2020-01-27,989247.6588984847,-0.01075234110151535
2020-01-28,989247.6588984847,-0.01075234110151535
2020-01-29,989247.6588984847,-0.01075234110151535
2020-01-30,989247.6588984847,-0.01075234110151535
2020-01-31,989247.6588984847,-0.01075234110151535
2020-02-03,989247.6588984847,-0.01075234110151535
2020-02-04,989247.6588984847,-0.01075234110151535
2020-02-05,989247.6588984847,-0.01075234110151535
2020-02-06,989247.6588984847,-0.01075234110151535
2020-02-07,989247.6588984847,-0.01075234110151535
2020-02-10,989247.6588984847,-0.01075234110151535
2020-02-11,989247.6588984847,-0.01075234110151535
2020-02-12,989247.6588984847,-0.01075234110151535
2020-02-13,989247.6588984847,-0.01075234110151535
2020-02-14,989247.6588984847,-0.01075234110151535
2020-02-17,989247.6588984847,-0.01075234110151535
2020-02-18,989247.6588984847,-0.01075234110151535
2020-02-19,989247.6588984847,-0.01075234110151535
2020-02-20,989247.6588984847,-0.01075234110151535
2020-02-21,989247.6588984847,-0.01075234110151535
2020-02-24,989247.6588984847,-0.01075234110151535
2020-02-25,989247.6588984847,-0.01075234110151535
2020-02-26,989247.6588984847,-0.01075234110151535
2020-02-27,989247.6588984847,-0.01075234110151535
2020-02-28,989247.6588984847,-0.01075234110151535
2020-03-02,989247.6588984847,-0.01075234110151535
2020-03-03,989247.6588984847,-0.01075234110151535
2020-03-04,989247.6588984847,-0.01075234110151535
2020-03-05,989247.6588984847,-0.01075234110151535
2020-03-06,989247.6588984847,-0.01075234110151535
2020-03-09,989247.6588984847,-0.01075234110151535
2020-03-10,989247.6588984847,-0.01075234110151535
2020-03-11,989247.6588984847,-0.01075234110151535
2020-03-12,989247.6588984847,-0.01075234110151535
2020-03-13,989247.6588984847,-0.01075234110151535
2020-03-16,989247.6588984847,-0.01075234110151535
2020-03-17,989247.6588984847,-0.01075234110151535
2020-03-18,989247.6588984847,-0.01075234110151535
2020-03-19,989247.6588984847,-0.01075234110151535
2020-03-20,989247.6588984847,-0.01075234110151535
2020-03-23,989247.6588984847,-0.01075234110151535
2020-03-24,989247.6588984847,-0.01075234110151535
2020-03-25,989247.6588984847,-0.01075234110151535
2020-03-26,989247.6588984847,-0.01075234110151535
2020-03-27,989247.6588984847,-0.01075234110151535
2020-03-30,989247.6588984847,-0.01075234110151535
2020-03-31,989247.6588984847,-0.01075234110151535
2020-04-01,989247.6588984847,-0.01075234110151535
2020-04-02,989247.6588984847,-0.01075234110151535
2020-04-03,989247.6588984847,-0.01075234110151535
2020-04-06,989247.6588984847,-0.01075234110151535
2020-04-07,989247.6588984847,-0.01075234110151535
2020-04-08,989247.6588984847,-0.01075234110151535
2020-04-09,989247.6588984847,-0.01075234110151535
2020-04-14,989247.6588984847,-0.01075234110151535
2020-04-15,989247.6588984847,-0.01075234110151535
2020-04-16,989247.6588984847,-0.01075234110151535
2020-04-17,989247.6588984847,-0.01075234110151535
2020-04-20,989247.6588984847,-0.01075234110151535
2020-04-21,989247.6588984847,-0.01075234110151535
2020-04-22,989247.6588984847,-0.01075234110151535
2020-04-23,989247.6588984847,-0.01075234110151535
2020-04-24,989247.6588984847,-0.01075234110151535
2020-04-27,989247.6588984847,-0.01075234110151535
2020-04-28,989247.6588984847,-0.01075234110151535
2020-04-29,989247.6588984847,-0.01075234110151535
2020-04-30,989247.6588984847,-0.01075234110151535
2020-05-04,989247.6588984847,-0.01075234110151535
2020-05-05,989247.6588984847,-0.01075234110151535
2020-05-06,989247.6588984847,-0.01075234110151535
2020-05-07,989247.6588984847,-0.01075234110151535
2020-05-08,989247.6588984847,-0.01075234110151535
2020-05-11,989247.6588984847,-0.01075234110151535
2020-05-12,989247.6588984847,-0.01075234110151535
2020-05-13,989247.6588984847,-0.01075234110151535
2020-05-14,989247.6588984847,-0.01075234110151535
2020-05-15,989247.6588984847,-0.01075234110151535
2020-05-18,989247.6588984847,-0.01075234110151535
2020-05-19,989247.6588984847,-0.01075234110151535
2020-05-20,989247.6588984847,-0.01075234110151535
2020-05-21,989247.6588984847,-0.01075234110151535
2020-05-22,989247.6588984847,-0.01075234110151535
2020-05-25,989247.6588984847,-0.01075234110151535
2020-05-26,989247.6588984847,-0.01075234110151535
2020-05-27,989247.6588984847,-0.01075234110151535
2020-05-28,989247.6588984847,-0.01075234110151535
2020-05-29,989247.6588984847,-0.01075234110151535
2020-06-01,989247.6588984847,-0.01075234110151535
2020-06-02,989247.6588984847,-0.01075234110151535
2020-06-03,989247.6588984847,-0.01075234110151535
2020-06-04,989247.6588984847,-0.01075234110151535
2020-06-05,989247.6588984847,-0.01075234110151535
2020-06-08,989247.6588984847,-0.01075234110151535
2020-06-09,989247.6588984847,-0.01075234110151535
2020-06-10,989247.6588984847,-0.01075234110151535
2020-06-12,989247.6588984847,-0.01075234110151535
2020-06-15,989247.6588984847,-0.01075234110151535
2020-06-16,989247.6588984847,-0.01075234110151535
2020-06-17,989247.6588984847,-0.01075234110151535
2020-06-18,989247.6588984847,-0.01075234110151535
2020-06-19,989247.6588984847,-0.01075234110151535
2020-06-22,989247.6588984847,-0.01075234110151535
2020-06-23,989247.6588984847,-0.01075234110151535
2020-06-24,989247.6588984847,-0.01075234110151535
2020-06-25,989247.6588984847,-0.01075234110151535
2020-06-26,989247.6588984847,-0.01075234110151535
2020-06-29,989247.6588984847,-0.01075234110151535
2020-06-30,989247.6588984847,-0.01075234110151535
2020-07-01,989247.6588984847,-0.01075234110151535
2020-07-02,989247.6588984847,-0.01075234110151535
2020-07-03,989247.6588984847,-0.01075234110151535
2020-07-06,989247.6588984847,-0.01075234110151535
2020-07-07,989247.6588984847,-0.01075234110151535
2020-07-08,989247.6588984847,-0.01075234110151535
2020-07-09,989247.6588984847,-0.01075234110151535
2020-07-10,989247.6588984847,-0.01075234110151535
2020-07-13,989247.6588984847,-0.01075234110151535
2020-07-14,985501.1746017832,-0.014498825398216786
2020-07-15,982548.9313523218,-0.017451068647678203
2020-07-16,972207.6022784539,-0.02779239772154607
2020-07-17,984164.6566065843,-0.015835343393415635
2020-07-20,996738.3385327365,-0.003261661467263477
2020-07-21,1024599.8946166106,0.024599894616610607
2020-07-22,1024557.5414122478,0.024557541412247863
2020-07-23,1013686.4113880135,0.01368641138801352
2020-07-24,1011611.6727573771,0.011611672757377178
2020-07-27,986100.3456473702,-0.013899654352629742
2020-07-28,1005680.4655867906,0.005680465586790584
2020-07-29,1021286.6199329769,0.02128661993297687
2020-07-30,1030572.7793939362,0.0305727793939361
2020-07-31,1035258.6988962172,0.03525869889621713
2020-08-03,1036824.7568427884,0.03682475684278841
2020-08-04,1043380.1490323741,0.04338014903237419
2020-08-05,1073194.076600807,0.07319407660080701
2020-08-06,1084146.7315134136,0.08414673151341368
2020-08-07,1097067.864268618,0.09706786426861802
2020-08-10,1099743.406653753,0.09974340665375303
2020-08-11,1094205.5197096658,0.09420551970966584
2020-08-12,1108720.078480517,0.10872007848051712
2020-08-13,1108334.6995902802,0.10833469959028008
2020-08-14,1109190.8450439596,0.1091908450439596
2020-08-17,1112925.1738823075,0.11292517388230738
2020-08-18,1116420.8113513063,0.11642081135130633
2020-08-19,1103093.1792169053,0.1030931792169052
2020-08-20,1107725.8074246221,0.10772580742462212
2020-08-21,1105258.404590173,0.105258404590173
2020-08-24,1104886.7911326166,0.10488679113261656
2020-08-25,1116641.9393891827,0.11664193938918266
2020-08-26,1128768.0746458042,0.1287680746458042
2020-08-27,1117080.687836987,0.117080687836987
2020-08-28,1127113.897642035,0.12711389764203496
2020-08-31,1121237.7310079925,0.12123773100799262
2020-09-01,1121237.7310079925,0.12123773100799262
2020-09-02,1121237.7310079925,0.12123773100799262
2020-09-03,1121237.7310079925,0.12123773100799262
2020-09-04,1121237.7310079925,0.12123773100799262
2020-09-07,1121237.7310079925,0.12123773100799262
2020-09-08,1133771.4675797229,0.1337714675797228
2020-09-09,1133771.4675797229,0.1337714675797228
2020-09-10,1133771.4675797229,0.1337714675797228
2020-09-11,1133771.4675797229,0.1337714675797228
2020-09-14,1133771.4675797229,0.1337714675797228
2020-09-15,1133771.4675797229,0.1337714675797228
2020-09-16,1133771.4675797229,0.1337714675797228
2020-09-17,1133771.4675797229,0.1337714675797228
2020-09-18,1133771.4675797229,0.1337714675797228
2020-09-21,1133771.4675797229,0.1337714675797228
2020-09-22,1133771.4675797229,0.1337714675797228
2020-09-23,1133771.4675797229,0.1337714675797228
2020-09-24,1133771.4675797229,0.1337714675797228
2020-09-25,1133771.4675797229,0.1337714675797228
2020-09-28,1133771.4675797229,0.1337714675797228
2020-09-29,1133771.4675797229,0.1337714675797228
2020-09-30,1133771.4675797229,0.1337714675797228
2020-10-01,1133771.4675797229,0.1337714675797228
2020-10-02,1133771.4675797229,0.1337714675797228
2020-10-05,1133771.4675797229,0.1337714675797228
2020-10-06,1133771.4675797229,0.1337714675797228
2020-10-07,1133771.4675797229,0.1337714675797228
2020-10-08,1133771.4675797229,0.1337714675797228
2020-10-09,1133771.4675797229,0.1337714675797228
2020-10-12,1133771.4675797229,0.1337714675797228
2020-10-13,1133771.4675797229,0.1337714675797228
2020-10-14,1133771.4675797229,0.1337714675797228
2020-10-15,1133771.4675797229,0.1337714675797228
2020-10-16,1133771.4675797229,0.1337714675797228
2020-10-19,1133771.4675797229,0.1337714675797228
2020-10-20,1133771.4675797229,0.1337714675797228
2020-10-21,1133771.4675797229,0.1337714675797228
2020-10-22,1133771.4675797229,0.1337714675797228
2020-10-23,1133771.4675797229,0.1337714675797228
2020-10-26,1133771.4675797229,0.1337714675797228
2020-10-27,1133771.4675797229,0.1337714675797228
2020-10-28,1133771.4675797229,0.1337714675797228
2020-10-29,1133771.4675797229,0.1337714675797228
2020-10-30,1133771.4675797229,0.1337714675797228
2020-11-02,1133771.4675797229,0.1337714675797228
2020-11-03,1133771.4675797229,0.1337714675797228
2020-11-04,1133771.4675797229,0.1337714675797228
2020-11-05,1133771.4675797229,0.1337714675797228
2020-11-06,1133771.4675797229,0.1337714675797228
2020-11-09,1133771.4675797229,0.1337714675797228
2020-11-10,1133771.4675797229,0.1337714675797228
2020-11-12,1133771.4675797229,0.1337714675797228
2020-11-13,1133771.4675797229,0.1337714675797228
2020-11-16,1133771.4675797229,0.1337714675797228
2020-11-17,1133771.4675797229,0.1337714675797228
2020-11-18,1133771.4675797229,0.1337714675797228
2020-11-19,1133771.4675797229,0.1337714675797228
2020-11-20,1133771.4675797229,0.1337714675797228
2020-11-23,1133771.4675797229,0.1337714675797228
2020-11-24,1133771.4675797229,0.1337714675797228
2020-11-25,1133771.4675797229,0.1337714675797228
2020-11-26,1133771.4675797229,0.1337714675797228
2020-11-27,1133771.4675797229,0.1337714675797228
2020-11-30,1133771.4675797229,0.1337714675797228
2020-12-01,1133771.4675797229,0.1337714675797228
2020-12-02,1133771.4675797229,0.1337714675797228
2020-12-03,1133771.4675797229,0.1337714675797228
2020-12-04,1133771.4675797229,0.1337714675797228
2020-12-07,1133771.4675797229,0.1337714675797228
2020-12-08,1133771.4675797229,0.1337714675797228
2020-12-09,1118920.9887450621,0.11892098874506218
2020-12-10,1119645.2582392732,0.1196452582392733
2020-12-11,1126423.0828830719,0.1264230828830719
2020-12-14,1131266.0384125945,0.13126603841259454
2020-12-15,1139024.7214379667,0.13902472143796674
2020-12-16,1124082.1018567344,0.1240821018567344
2020-12-17,1117903.0329666159,0.11790303296661597
2020-12-18,1118339.5214114492,0.1183395214114491
2020-12-21,1118433.6389760817,0.11843363897608183
2020-12-22,1118433.6389760817,0.11843363897608183
2020-12-23,1118433.6389760817,0.11843363897608183
2020-12-28,1118433.6389760817,0.11843363897608183
2020-12-29,1118433.6389760817,0.11843363897608183
2020-12-30,1118433.6389760817,0.11843363897608183
2021-01-04,1118433.6389760817,0.11843363897608183
2021-01-05,1118433.6389760817,0.11843363897608183
2021-01-07,1118433.6389760817,0.11843363897608183
2021-01-08,1118433.6389760817,0.11843363897608183
2021-01-11,1118433.6389760817,0.11843363897608183
2021-01-12,1118433.6389760817,0.11843363897608183
2021-01-13,1118433.6389760817,0.11843363897608183
2021-01-14,1118433.6389760817,0.11843363897608183
2021-01-15,1118433.6389760817,0.11843363897608183
2021-01-18,1118433.6389760817,0.11843363897608183
2021-01-19,1118433.6389760817,0.11843363897608183
2021-01-20,1118433.6389760817,0.11843363897608183
2021-01-21,1118433.6389760817,0.11843363897608183
2021-01-22,1118433.6389760817,0.11843363897608183
2021-01-25,1118433.6389760817,0.11843363897608183
2021-01-26,1118433.6389760817,0.11843363897608183
2021-01-27,1118433.6389760817,0.11843363897608183
2021-01-28,1118433.6389760817,0.11843363897608183
2021-01-29,1118433.6389760817,0.11843363897608183
2021-02-01,1118433.6389760817,0.11843363897608183
2021-02-02,1118433.6389760817,0.11843363897608183
2021-02-03,1118433.6389760817,0.11843363897608183
2021-02-04,1118433.6389760817,0.11843363897608183
2021-02-05,1118433.6389760817,0.11843363897608183
2021-02-08,1118433.6389760817,0.11843363897608183
2021-02-09,1118433.6389760817,0.11843363897608183
2021-02-10,1118433.6389760817,0.11843363897608183
2021-02-11,1118433.6389760817,0.11843363897608183
2021-02-12,1118433.6389760817,0.11843363897608183
2021-02-15,1118433.6389760817,0.11843363897608183
2021-02-16,1118433.6389760817,0.11843363897608183
2021-02-17,1118433.6389760817,0.11843363897608183
2021-02-18,1118433.6389760817,0.11843363897608183
2021-02-19,1118433.6389760817,0.11843363897608183
2021-02-22,1118433.6389760817,0.11843363897608183
2021-02-23,1118433.6389760817,0.11843363897608183
2021-02-24,1118433.6389760817,0.11843363897608183
2021-02-25,1118433.6389760817,0.11843363897608183
2021-02-26,1126820.0768697956,0.12682007686979557
2021-03-01,1113623.342796813,0.11362334279681297
2021-03-02,1118093.2174097004,0.11809321740970047
2021-03-03,1115476.2364966548,0.11547623649665484
2021-03-04,1109494.2202126295,0.10949422021262945
2021-03-05,1106806.8346637154,0.10680683466371543
2021-03-08,1106739.335880105,0.10673933588010498
2021-03-09,1104418.540925143,0.10441854092514302
2021-03-10,1103744.8380148038,0.10374483801480383
2021-03-11,1102271.1286623522,0.1022711286623521
2021-03-12,1109033.1848158902,0.10903318481589008
2021-03-15,1100426.5996561428,0.10042659965614287
2021-03-16,1080817.7643549126,0.08081776435491261
2021-03-17,1081027.6211676388,0.08102762116763884
2021-03-18,1081027.6211676388,0.08102762116763884
2021-03-19,1081027.6211676388,0.08102762116763884
2021-03-22,1081027.6211676388,0.08102762116763884
2021-03-23,1094726.2456570808,0.09472624565708077
2021-03-24,1115762.8497540352,0.11576284975403528
2021-03-25,1115762.8497540352,0.11576284975403528
2021-03-26,1115762.8497540352,0.11576284975403528
2021-03-29,1115762.8497540352,0.11576284975403528
2021-03-30,1115762.8497540352,0.11576284975403528
2021-03-31,1115762.8497540352,0.11576284975403528
2021-04-01,1115762.8497540352,0.11576284975403528
2021-04-06,1115762.8497540352,0.11576284975403528
2021-04-07,1115762.8497540352,0.11576284975403528
2021-04-08,1115762.8497540352,0.11576284975403528
2021-04-09,1115762.8497540352,0.11576284975403528
2021-04-12,1115762.8497540352,0.11576284975403528
2021-04-13,1115762.8497540352,0.11576284975403528
2021-04-14,1115762.8497540352,0.11576284975403528
2021-04-15,1115762.8497540352,0.11576284975403528
2021-04-16,1110894.0895732872,0.11089408957328728
2021-04-19,1100985.1342712662,0.10098513427126621
2021-04-20,1101867.8450961248,0.10186784509612479
2021-04-21,1099756.603883402,0.0997566038834019
2021-04-22,1083518.7851019895,0.08351878510198962
2021-04-23,1086882.6527921732,0.08688265279217311
2021-04-26,1080870.478894693,0.08087047889469301
2021-04-27,1085723.461565702,0.0857234615657021
2021-04-28,1068742.5688306587,0.06874256883065866
2021-04-29,1063477.8687592729,0.06347786875927275
2021-04-30,1064803.4113122467,0.06480341131224665
2021-05-04,1060005.5385421487,0.06000553854214874
2021-05-05,1066700.3363485646,0.06670033634856454
2021-05-06,1073850.2010559603,0.0738502010559603
2021-05-07,1082186.3234663017,0.08218632346630161
2021-05-10,1080936.7087896045,0.08093670878960446
2021-05-11,1072766.1380447533,0.07276613804475329
2021-05-12,1082186.5237224293,0.0821865237224293
2021-05-13,1089477.627068545,0.0894776270685449
2021-05-14,1086265.2850748273,0.08626528507482734
2021-05-17,1086048.5204065538,0.08604852040655375
2021-05-18,1088007.9744810176,0.0880079744810176
2021-05-19,1081599.647507057,0.08159964750705706
2021-05-20,1083541.8146820697,0.08354181468206967
2021-05-21,1066309.5487485824,0.0663095487485823
2021-05-24,1056239.5415217213,0.05623954152172139
2021-05-25,1081178.9910850811,0.08117899108508109
2021-05-26,1100097.9240609074,0.10009792406090745
2021-05-27,1090216.5873255,0.09021658732550009
2021-05-28,1095974.8848598534,0.0959748848598534
2021-05-31,1092310.966739479,0.09231096673947903
2021-06-01,1096870.3290886206,0.09687032908862059
2021-06-02,1105133.0312583083,0.10513303125830831
2021-06-04,1112640.1926605303,0.11264019266053027
2021-06-07,1124667.7433428038,0.12466774334280384
2021-06-08,1120831.4509252424,0.12083145092524239
2021-06-09,1132007.168233734,0.13200716823373404
2021-06-10,1123384.6915913057,0.12338469159130572
2021-06-11,1115019.4482316691,0.1150194482316691
2021-06-14,1113589.480221305,0.1135894802213051
2021-06-15,1111304.3550511815,0.11130435505118141
2021-06-16,1107950.4808446455,0.10795048084464542
2021-06-17,1090481.9156693423,0.09048191566934216
2021-06-18,1087680.3228433274,0.08768032284332739
2021-06-21,1098036.666726785,0.0980366667267849
2021-06-22,1108192.071906411,0.10819207190641111
2021-06-23,1114298.7041773947,0.11429870417739485
2021-06-24,1103957.355407405,0.10395735540740492
2021-06-25,1105761.5161914583,0.10576151619145824
2021-06-28,1121041.9796113116,0.12104197961131158
2021-06-29,1120140.4785452737,0.12014047854527354
2021-06-30,1114926.9776888394,0.11492697768883953
2021-07-01,1112360.8285998788,0.11236082859987873
2021-07-02,1111585.4382402692,0.11158543824026923
2021-07-05,1113655.8512746184,0.11365585127461841
2021-07-06,1112345.5894921692,0.11234558949216922
2021-07-07,1118253.5985566375,0.11825359855663753
2021-07-08,1125926.7764444326,0.1259267764444325
2021-07-09,1122684.1752310533,0.12268417523105324
2021-07-12,1120212.995601804,0.1202129956018041
2021-07-13,1120826.8084693342,0.12082680846933425
2021-07-14,1120726.260604222,0.12072626060422209
2021-07-15,1121654.636774718,0.121654636774718
2021-07-16,1129425.4794937202,0.12942547949372019
2021-07-19,1144180.600838081,0.14418060083808104
2021-07-20,1148830.0883689686,0.1488300883689686
2021-07-21,1157685.7099117779,0.15768570991177788
2021-07-22,1145425.241335273,0.14542524133527301
2021-07-23,1140697.0838964651,0.14069708389646518
2021-07-26,1145983.9628685948,0.14598396286859483
2021-07-27,1145405.7003223891,0.1454057003223892
2021-07-28,1148796.4492107248,0.14879644921072477
2021-07-29,1145903.199409147,0.1459031994091471
2021-07-30,1148915.1891816496,0.1489151891816496
2021-08-02,1150396.0769060778,0.1503960769060777
2021-08-03,1156139.6802382227,0.15613968023822267
2021-08-04,1143034.9633178464,0.1430349633178465
2021-08-05,1150235.7271582827,0.1502357271582826
2021-08-06,1154046.3812359096,0.15404638123590964
2021-08-09,1140146.057260431,0.14014605726043095
2021-08-10,1137321.741299065,0.13732174129906505
2021-08-11,1125723.9820129224,0.12572398201292234
2021-08-12,1130872.3591471408,0.1308723591471408
2021-08-13,1127017.2426819291,0.12701724268192915
2021-08-16,1111301.2623906925,0.11130126239069238
2021-08-17,1122351.221177961,0.12235122117796093
2021-08-18,1128481.6813753129,0.1284816813753129
2021-08-19,1145628.40522389,0.14562840522388987
2021-08-20,1155845.2540075972,0.1558452540075972
2021-08-23,1149771.242437813,0.14977124243781303
2021-08-24,1149854.548252078,0.1498545482520781
2021-08-25,1159952.5085525373,0.1599525085525373
2021-08-26,1150605.7681502681,0.15060576815026816
2021-08-27,1151171.925757437,0.1511719257574371
2021-08-30,1135522.7416543053,0.13552274165430522
2021-08-31,1135599.434214203,0.13559943421420284
2021-09-01,1131401.772301383,0.13140177230138317
2021-09-02,1117396.3011638508,0.1173963011638508
2021-09-03,1118249.368560847,0.118249368560847
2021-09-06,1114052.049718944,0.1140520497189439
2021-09-07,1115186.5472978177,0.11518654729781774
2021-09-08,1104055.0219518435,0.10405502195184346
2021-09-09,1099665.8262158541,0.09966582621585407
2021-09-10,1101027.5116519078,0.10102751165190771
2021-09-13,1080402.7420353333,0.08040274203533326
2021-09-14,1059147.4242369945,0.059147424236994484
2021-09-15,1042289.6051329363,0.042289605132936225
2021-09-16,1074323.6669388672,0.07432366693886716
2021-09-17,1072469.683679224,0.07246968367922402
2021-09-20,1102931.6216500606,0.10293162165006065
2021-09-21,1102931.6216500606,0.10293162165006065
2021-09-22,1087883.7019327441,0.08788370193274408
2021-09-23,1094789.1122326823,0.09478911223268227
2021-09-24,1094243.6464326375,0.0942436464326375
2021-09-27,1090617.439045993,0.09061743904599284
2021-09-28,1110973.521942323,0.11097352194232313
2021-09-29,1108757.67672754,0.10875767672754
2021-09-30,1093245.7981305132,0.09324579813051326
2021-10-01,1091287.1687131932,0.09128716871319309
2021-10-04,1070284.9096607843,0.07028490966078427
2021-10-05,1061728.7581153119,0.061728758115311866
2021-10-06,1061778.8354206695,0.06177883542066942
2021-10-07,1074961.5086076264,0.07496150860762651
2021-10-08,1080028.1068097863,0.08002810680978634
2021-10-11,1081307.6462807267,0.08130764628072673
2021-10-12,1087647.9890205876,0.08764798902058768
2021-10-13,1099542.9110667515,0.0995429110667514
2021-10-14,1093813.8536371784,0.09381385363717842
2021-10-15,1088535.8631278716,0.08853586312787165
2021-10-18,1094644.0409226804,0.0946440409226803
2021-10-19,1117799.9501241324,0.11779995012413247
2021-10-20,1114316.891665857,0.11431689166585701
2021-10-21,1157267.2799642135,0.1572672799642134
2021-10-22,1150173.3193898445,0.15017331938984446
2021-10-25,1143389.7173937168,0.14338971739371686
2021-10-26,1147757.5230024755,0.14775752300247547
2021-10-27,1147811.3418262075,0.14781134182620748
2021-10-28,1151275.1792162166,0.15127517921621658
2021-10-29,1150854.2107910311,0.15085421079103112
2021-11-02,1174346.0996510587,0.17434609965105863
2021-11-03,1179292.2655005942,0.17929226550059418
2021-11-04,1172197.44954042,0.17219744954041993
2021-11-05,1164254.973796107,0.1642549737961072
2021-11-08,1159066.4702540818,0.15906647025408183
2021-11-09,1166752.2769653315,0.16675227696533157
2021-11-10,1161505.222148023,0.1615052221480231
2021-11-12,1171120.7266195118,0.17112072661951183
2021-11-15,1175387.9189213752,0.17538791892137517
2021-11-16,1170436.9693820458,0.17043696938204578
2021-11-17,1168596.965696043,0.1685969656960431
2021-11-18,1152885.1481470282,0.15288514814702814
2021-11-19,1152885.1481470282,0.15288514814702814
2021-11-22,1152885.1481470282,0.15288514814702814
2021-11-23,1152885.1481470282,0.15288514814702814
2021-11-24,1152885.1481470282,0.15288514814702814
2021-11-25,1152885.1481470282,0.15288514814702814
2021-11-26,1152885.1481470282,0.15288514814702814
2021-11-29,1152885.1481470282,0.15288514814702814
2021-11-30,1152885.1481470282,0.15288514814702814
2021-12-01,1152885.1481470282,0.15288514814702814
2021-12-02,1152885.1481470282,0.15288514814702814
2021-12-03,1152885.1481470282,0.15288514814702814
2021-12-06,1152885.1481470282,0.15288514814702814
2021-12-07,1152885.1481470282,0.15288514814702814
2021-12-08,1152885.1481470282,0.15288514814702814
2021-12-09,1152885.1481470282,0.15288514814702814
2021-12-10,1152885.1481470282,0.15288514814702814
2021-12-13,1152885.1481470282,0.15288514814702814
2021-12-14,1152885.1481470282,0.15288514814702814
2021-12-15,1152885.1481470282,0.15288514814702814
2021-12-16,1152885.1481470282,0.15288514814702814
2021-12-17,1152885.1481470282,0.15288514814702814
2021-12-20,1152885.1481470282,0.15288514814702814
2021-12-21,1152885.1481470282,0.15288514814702814
2021-12-22,1152885.1481470282,0.15288514814702814
2021-12-23,1152885.1481470282,0.15288514814702814
2021-12-27,1152885.1481470282,0.15288514814702814
2021-12-28,1152885.1481470282,0.15288514814702814
2021-12-29,1152885.1481470282,0.15288514814702814
2021-12-30,1152885.1481470282,0.15288514814702814
2022-01-03,1152885.1481470282,0.15288514814702814
2022-01-04,1152885.1481470282,0.15288514814702814
2022-01-05,1152885.1481470282,0.15288514814702814
2022-01-07,1152885.1481470282,0.15288514814702814
2022-01-10,1152885.1481470282,0.15288514814702814
2022-01-11,1152885.1481470282,0.15288514814702814
2022-01-12,1152885.1481470282,0.15288514814702814
2022-01-13,1152885.1481470282,0.15288514814702814
2022-01-14,1152885.1481470282,0.15288514814702814
2022-01-17,1152885.1481470282,0.15288514814702814
2022-01-18,1152885.1481470282,0.15288514814702814
2022-01-19,1152885.1481470282,0.15288514814702814
2022-01-20,1152885.1481470282,0.15288514814702814
2022-01-21,1152885.1481470282,0.15288514814702814
2022-01-24,1152885.1481470282,0.15288514814702814
2022-01-25,1152885.1481470282,0.15288514814702814
2022-01-26,1152885.1481470282,0.15288514814702814
2022-01-27,1152885.1481470282,0.15288514814702814
2022-01-28,1152885.1481470282,0.15288514814702814
2022-01-31,1152885.1481470282,0.15288514814702814
2022-02-01,1152885.1481470282,0.15288514814702814
2022-02-02,1152885.1481470282,0.15288514814702814
2022-02-03,1152885.1481470282,0.15288514814702814
2022-02-04,1152885.1481470282,0.15288514814702814
2022-02-07,1152885.1481470282,0.15288514814702814
2022-02-08,1152885.1481470282,0.15288514814702814
2022-02-09,1152885.1481470282,0.15288514814702814
2022-02-10,1152885.1481470282,0.15288514814702814
2022-02-11,1152885.1481470282,0.15288514814702814
2022-02-14,1152885.1481470282,0.15288514814702814
2022-02-15,1152885.1481470282,0.15288514814702814
2022-02-16,1152885.1481470282,0.15288514814702814
2022-02-17,1152885.1481470282,0.15288514814702814
2022-02-18,1152885.1481470282,0.15288514814702814
2022-02-21,1152885.1481470282,0.15288514814702814
2022-02-22,1152885.1481470282,0.15288514814702814
2022-02-23,1152885.1481470282,0.15288514814702814
2022-02-24,1152885.1481470282,0.15288514814702814
2022-02-25,1152885.1481470282,0.15288514814702814
2022-02-28,1152885.1481470282,0.15288514814702814
2022-03-01,1152885.1481470282,0.15288514814702814
2022-03-02,1152885.1481470282,0.15288514814702814
2022-03-03,1152885.1481470282,0.15288514814702814
2022-03-04,1152885.1481470282,0.15288514814702814
2022-03-07,1152885.1481470282,0.15288514814702814
2022-03-08,1152885.1481470282,0.15288514814702814
2022-03-09,1152885.1481470282,0.15288514814702814
2022-03-10,1152885.1481470282,0.15288514814702814
2022-03-11,1152885.1481470282,0.15288514814702814
2022-03-14,1152885.1481470282,0.15288514814702814
2022-03-15,1152885.1481470282,0.15288514814702814
2022-03-16,1152885.1481470282,0.15288514814702814
2022-03-17,1152885.1481470282,0.15288514814702814
2022-03-18,1152885.1481470282,0.15288514814702814
2022-03-21,1152885.1481470282,0.15288514814702814
2022-03-22,1152885.1481470282,0.15288514814702814
2022-03-23,1152885.1481470282,0.15288514814702814
2022-03-24,1152885.1481470282,0.15288514814702814
2022-03-25,1152885.1481470282,0.15288514814702814
2022-03-28,1152885.1481470282,0.15288514814702814
2022-03-29,1152885.1481470282,0.15288514814702814
2022-03-30,1152885.1481470282,0.15288514814702814
2022-03-31,1152885.1481470282,0.15288514814702814
2022-04-01,1152885.1481470282,0.15288514814702814
2022-04-04,1152885.1481470282,0.15288514814702814
2022-04-05,1152885.1481470282,0.15288514814702814
2022-04-06,1152885.1481470282,0.15288514814702814
2022-04-07,1152885.1481470282,0.15288514814702814
2022-04-08,1152885.1481470282,0.15288514814702814
2022-04-11,1152885.1481470282,0.15288514814702814
2022-04-12,1152885.1481470282,0.15288514814702814
2022-04-13,1152885.1481470282,0.15288514814702814
2022-04-14,1152885.1481470282,0.15288514814702814
2022-04-19,1152885.1481470282,0.15288514814702814
2022-04-20,1152885.1481470282,0.15288514814702814
2022-04-21,1152885.1481470282,0.15288514814702814
2022-04-22,1152885.1481470282,0.15288514814702814
2022-04-25,1152885.1481470282,0.15288514814702814
2022-04-26,1152885.1481470282,0.15288514814702814
2022-04-27,1152885.1481470282,0.15288514814702814
2022-04-28,1152885.1481470282,0.15288514814702814
2022-04-29,1152885.1481470282,0.15288514814702814
2022-05-02,1152885.1481470282,0.15288514814702814
2022-05-04,1152885.1481470282,0.15288514814702814
2022-05-05,1152885.1481470282,0.15288514814702814
2022-05-06,1152885.1481470282,0.15288514814702814
2022-05-09,1152885.1481470282,0.15288514814702814
2022-05-10,1152885.1481470282,0.15288514814702814
2022-05-11,1152885.1481470282,0.15288514814702814
2022-05-12,1152885.1481470282,0.15288514814702814
2022-05-13,1152885.1481470282,0.15288514814702814
2022-05-16,1152885.1481470282,0.15288514814702814
2022-05-17,1152885.1481470282,0.15288514814702814
2022-05-18,1152885.1481470282,0.15288514814702814
2022-05-19,1152885.1481470282,0.15288514814702814
2022-05-20,1152885.1481470282,0.15288514814702814
2022-05-23,1152885.1481470282,0.15288514814702814
2022-05-24,1152885.1481470282,0.15288514814702814
2022-05-25,1152885.1481470282,0.15288514814702814
2022-05-26,1152885.1481470282,0.15288514814702814
2022-05-27,1152885.1481470282,0.15288514814702814
2022-05-30,1152885.1481470282,0.15288514814702814
2022-05-31,1152885.1481470282,0.15288514814702814
2022-06-01,1152885.1481470282,0.15288514814702814
2022-06-02,1152885.1481470282,0.15288514814702814
2022-06-03,1152885.1481470282,0.15288514814702814
2022-06-06,1152885.1481470282,0.15288514814702814
2022-06-07,1152885.1481470282,0.15288514814702814
2022-06-08,1152885.1481470282,0.15288514814702814
2022-06-09,1152885.1481470282,0.15288514814702814
2022-06-10,1152885.1481470282,0.15288514814702814
2022-06-13,1152885.1481470282,0.15288514814702814
2022-06-14,1152885.1481470282,0.15288514814702814
2022-06-15,1152885.1481470282,0.15288514814702814
2022-06-17,1152885.1481470282,0.15288514814702814
2022-06-20,1152885.1481470282,0.15288514814702814
2022-06-21,1152885.1481470282,0.15288514814702814
2022-06-22,1152885.1481470282,0.15288514814702814
2022-06-23,1152885.1481470282,0.15288514814702814
2022-06-24,1152885.1481470282,0.15288514814702814
2022-06-27,1152885.1481470282,0.15288514814702814
2022-06-28,1152885.1481470282,0.15288514814702814
2022-06-29,1152885.1481470282,0.15288514814702814
2022-06-30,1152885.1481470282,0.15288514814702814
2022-07-01,1152885.1481470282,0.15288514814702814
2022-07-04,1152885.1481470282,0.15288514814702814
2022-07-05,1152885.1481470282,0.15288514814702814
2022-07-06,1152885.1481470282,0.15288514814702814
2022-07-07,1152885.1481470282,0.15288514814702814
2022-07-08,1152885.1481470282,0.15288514814702814
2022-07-11,1152885.1481470282,0.15288514814702814
2022-07-12,1152885.1481470282,0.15288514814702814
2022-07-13,1152885.1481470282,0.15288514814702814
2022-07-14,1152885.1481470282,0.15288514814702814
2022-07-15,1152885.1481470282,0.15288514814702814
2022-07-18,1152885.1481470282,0.15288514814702814
2022-07-19,1152885.1481470282,0.15288514814702814
2022-07-20,1152885.1481470282,0.15288514814702814
2022-07-21,1152885.1481470282,0.15288514814702814
2022-07-22,1152885.1481470282,0.15288514814702814
2022-07-25,1152885.1481470282,0.15288514814702814
2022-07-26,1152885.1481470282,0.15288514814702814
2022-07-27,1152885.1481470282,0.15288514814702814
2022-07-28,1152885.1481470282,0.15288514814702814
2022-07-29,1152885.1481470282,0.15288514814702814
2022-08-01,1152885.1481470282,0.15288514814702814
2022-08-02,1152885.1481470282,0.15288514814702814
2022-08-03,1152885.1481470282,0.15288514814702814
2022-08-04,1152885.1481470282,0.15288514814702814
2022-08-05,1152885.1481470282,0.15288514814702814
2022-08-08,1152885.1481470282,0.15288514814702814
2022-08-09,1152885.1481470282,0.15288514814702814
2022-08-10,1152885.1481470282,0.15288514814702814
2022-08-11,1152885.1481470282,0.15288514814702814
2022-08-12,1152885.1481470282,0.15288514814702814
2022-08-16,1152885.1481470282,0.15288514814702814
2022-08-17,1152885.1481470282,0.15288514814702814
2022-08-18,1152885.1481470282,0.15288514814702814
2022-08-19,1152885.1481470282,0.15288514814702814
2022-08-22,1152885.1481470282,0.15288514814702814
2022-08-23,1152885.1481470282,0.15288514814702814
2022-08-24,1152885.1481470282,0.15288514814702814
2022-08-25,1152885.1481470282,0.15288514814702814
2022-08-26,1152885.1481470282,0.15288514814702814
2022-08-29,1152885.1481470282,0.15288514814702814
2022-08-30,1152885.1481470282,0.15288514814702814
2022-08-31,1152885.1481470282,0.15288514814702814
2022-09-01,1152885.1481470282,0.15288514814702814
2022-09-02,1152885.1481470282,0.15288514814702814
2022-09-05,1152885.1481470282,0.15288514814702814
2022-09-06,1152885.1481470282,0.15288514814702814
2022-09-07,1152885.1481470282,0.15288514814702814
2022-09-08,1152885.1481470282,0.15288514814702814
2022-09-09,1152885.1481470282,0.15288514814702814
2022-09-12,1152885.1481470282,0.15288514814702814
2022-09-13,1152885.1481470282,0.15288514814702814
2022-09-14,1152885.1481470282,0.15288514814702814
2022-09-15,1152885.1481470282,0.15288514814702814
2022-09-16,1152885.1481470282,0.15288514814702814
2022-09-19,1152885.1481470282,0.15288514814702814
2022-09-20,1152885.1481470282,0.15288514814702814
2022-09-21,1152885.1481470282,0.15288514814702814
2022-09-22,1152885.1481470282,0.15288514814702814
2022-09-23,1152885.1481470282,0.15288514814702814
2022-09-26,1152885.1481470282,0.15288514814702814
2022-09-27,1152885.1481470282,0.15288514814702814
2022-09-28,1152885.1481470282,0.15288514814702814
2022-09-29,1152885.1481470282,0.15288514814702814
2022-09-30,1152885.1481470282,0.15288514814702814
2022-10-03,1152885.1481470282,0.15288514814702814
2022-10-04,1152885.1481470282,0.15288514814702814
2022-10-05,1152885.1481470282,0.15288514814702814
2022-10-06,1152885.1481470282,0.15288514814702814
2022-10-07,1152885.1481470282,0.15288514814702814
2022-10-10,1152885.1481470282,0.15288514814702814
2022-10-11,1152885.1481470282,0.15288514814702814
2022-10-12,1152885.1481470282,0.15288514814702814
2022-10-13,1152885.1481470282,0.15288514814702814
2022-10-14,1152885.1481470282,0.15288514814702814
2022-10-17,1152885.1481470282,0.15288514814702814
2022-10-18,1152885.1481470282,0.15288514814702814
2022-10-19,1152885.1481470282,0.15288514814702814
2022-10-20,1152885.1481470282,0.15288514814702814
2022-10-21,1152885.1481470282,0.15288514814702814
2022-10-24,1152885.1481470282,0.15288514814702814
2022-10-25,1152885.1481470282,0.15288514814702814
2022-10-26,1152885.1481470282,0.15288514814702814
2022-10-27,1152885.1481470282,0.15288514814702814
2022-10-28,1152885.1481470282,0.15288514814702814
2022-10-31,1152885.1481470282,0.15288514814702814
2022-11-02,1152885.1481470282,0.15288514814702814
2022-11-03,1152885.1481470282,0.15288514814702814
2022-11-04,1152885.1481470282,0.15288514814702814
2022-11-07,1152885.1481470282,0.15288514814702814
2022-11-08,1152885.1481470282,0.15288514814702814
2022-11-09,1152885.1481470282,0.15288514814702814
2022-11-10,1152885.1481470282,0.15288514814702814
2022-11-14,1152885.1481470282,0.15288514814702814
2022-11-15,1152885.1481470282,0.15288514814702814
2022-11-16,1152885.1481470282,0.15288514814702814
2022-11-17,1152885.1481470282,0.15288514814702814
2022-11-18,1152885.1481470282,0.15288514814702814
2022-11-21,1152885.1481470282,0.15288514814702814
2022-11-22,1152885.1481470282,0.15288514814702814
2022-11-23,1152885.1481470282,0.15288514814702814
2022-11-24,1152885.1481470282,0.15288514814702814
2022-11-25,1152885.1481470282,0.15288514814702814
2022-11-28,1152885.1481470282,0.15288514814702814
2022-11-29,1152885.1481470282,0.15288514814702814
2022-11-30,1152885.1481470282,0.15288514814702814
2022-12-01,1152885.1481470282,0.15288514814702814
2022-12-02,1152885.1481470282,0.15288514814702814
2022-12-05,1152885.1481470282,0.15288514814702814
2022-12-06,1152885.1481470282,0.15288514814702814
2022-12-07,1152885.1481470282,0.15288514814702814
2022-12-08,1152885.1481470282,0.15288514814702814
2022-12-09,1152885.1481470282,0.15288514814702814
2022-12-12,1152885.1481470282,0.15288514814702814
2022-12-13,1157543.0177229093,0.15754301772290935
2022-12-14,1158320.7506001098,0.15832075060010986
2022-12-15,1169904.1634598307,0.16990416345983061
2022-12-16,1156096.7167181862,0.15609671671818615
2022-12-19,1150260.7319579078,0.15026073195790768
2022-12-20,1151603.83031757,0.15160383031756997
2022-12-21,1154034.8728294608,0.1540348728294607
2022-12-22,1158646.2065679557,0.1586462065679557
2022-12-23,1162030.6533136615,0.1620306533136615
2022-12-27,1160298.6548628795,0.16029865486287953
2022-12-28,1137127.7511799408,0.1371277511799407
2022-12-29,1129590.4946149644,0.1295904946149644
2022-12-30,1288631.7279125764,0.2886317279125763
2023-01-02,1361841.2617822152,0.3618412617822153
2023-01-03,1349967.8513238784,0.3499678513238784
2023-01-04,1352440.8863949757,0.3524408863949757
2023-01-05,1354498.4880774699,0.35449848807747
2023-01-09,1348691.2614223277,0.34869126142232765
2023-01-10,1338529.1422107748,0.3385291422107748
2023-01-11,1333531.6659770978,0.3335316659770977
2023-01-12,1328021.7453757485,0.3280217453757486
2023-01-13,1332282.2182369165,0.3322822182369165
2023-01-16,1330132.3806854312,0.33013238068543127
2023-01-17,1326706.8475610677,0.3267068475610677
2023-01-18,1323484.3186209444,0.3234843186209444
2023-01-19,1335909.3922675427,0.3359093922675427
2023-01-20,1322328.9419644733,0.32232894196447326
2023-01-23,1311000.0794529335,0.3110000794529335
2023-01-24,1295812.5386707897,0.2958125386707897
2023-01-25,1307910.7075459782,0.30791070754597816
2023-01-26,1311649.4546670879,0.3116494546670878
2023-01-27,1332603.8209366295,0.33260382093662955
2023-01-30,1336997.5603591749,0.33699756035917483
2023-01-31,1322612.8362447564,0.32261283624475645
2023-02-01,1337817.1803414903,0.3378171803414902
2023-02-02,1330729.6886983213,0.3307296886983213
2023-02-03,1318228.612615891,0.3182286126158911
2023-02-06,1319964.558890167,0.31996455889016695
2023-02-07,1318436.329479483,0.31843632947948297
2023-02-08,1318668.982415094,0.3186689824150941
2023-02-09,1307510.7457113732,0.30751074571137327
2023-02-10,1308626.901704975,0.308626901704975
2023-02-13,1304937.3903733853,0.3049373903733852
2023-02-14,1313084.9478188325,0.31308494781883245
2023-02-15,1318305.0919427718,0.3183050919427719
2023-02-16,1318009.8589754913,0.31800985897549117
2023-02-17,1315855.700104104,0.3158557001041038
2023-02-20,1307263.1564326219,0.3072631564326218
2023-02-21,1304849.879085549,0.30484987908554895
2023-02-22,1301449.2115085544,0.3014492115085543
2023-02-23,1291359.8538961704,0.29135985389617036
2023-02-24,1297806.4953217267,0.29780649532172676
2023-02-27,1299003.5567321072,0.2990035567321072
2023-02-28,1300549.7887737714,0.30054978877377136
2023-03-01,1304593.016472545,0.304593016472545
2023-03-02,1305757.5936134846,0.30575759361348465
2023-03-03,1315112.6121281404,0.31511261212814046
2023-03-06,1306272.2528028798,0.30627225280287984
2023-03-07,1312413.62014453,0.31241362014453
2023-03-08,1317188.236044451,0.3171882360444509
2023-03-09,1318605.8903652232,0.31860589036522313
2023-03-10,1319319.418568402,0.31931941856840207
2023-03-13,1324605.7928958782,0.3246057928958781
2023-03-14,1312951.5706241294,0.3129515706241295
2023-03-15,1315032.9547325566,0.31503295473255655
2023-03-16,1315032.9547325566,0.31503295473255655
2023-03-17,1315032.9547325566,0.31503295473255655
2023-03-20,1315032.9547325566,0.31503295473255655
2023-03-21,1315032.9547325566,0.31503295473255655
2023-03-22,1315032.9547325566,0.31503295473255655
2023-03-23,1315032.9547325566,0.31503295473255655
2023-03-24,1315032.9547325566,0.31503295473255655
2023-03-27,1315032.9547325566,0.31503295473255655
2023-03-28,1315032.9547325566,0.31503295473255655
2023-03-29,1315032.9547325566,0.31503295473255655
2023-03-30,1315032.9547325566,0.31503295473255655
2023-03-31,1315032.9547325566,0.31503295473255655
2023-04-03,1315032.9547325566,0.31503295473255655
2023-04-04,1315032.9547325566,0.31503295473255655
2023-04-05,1315032.9547325566,0.31503295473255655
2023-04-06,1315032.9547325566,0.31503295473255655
2023-04-11,1315032.9547325566,0.31503295473255655
2023-04-12,1315032.9547325566,0.31503295473255655
2023-04-13,1315032.9547325566,0.31503295473255655
2023-04-14,1315032.9547325566,0.31503295473255655
2023-04-17,1315032.9547325566,0.31503295473255655
2023-04-18,1315032.9547325566,0.31503295473255655
2023-04-19,1348474.775156201,0.3484747751562012
2023-04-20,1348474.775156201,0.3484747751562012
2023-04-21,1363718.0165957462,0.3637180165957461
2023-04-24,1350533.32796874,0.3505333279687399
2023-04-25,1356189.780956539,0.3561897809565391
2023-04-26,1356189.780956539,0.3561897809565391
2023-04-27,1360542.9845360578,0.3605429845360577
2023-04-28,1350620.40343677,0.3506204034367699
2023-05-02,1349482.006775574,0.34948200677557395
2023-05-04,1344430.2359065618,0.34443023590656185
2023-05-05,1344430.2359065618,0.34443023590656185
2023-05-08,1338134.9171724485,0.33813491717244837
2023-05-09,1334290.7486833185,0.33429074868331843
2023-05-10,1325064.4230360044,0.32506442303600447
2023-05-11,1309100.2028255404,0.3091002028255405
2023-05-12,1303687.5154118696,0.30368751541186967
2023-05-15,1297875.6985678822,0.2978756985678821
2023-05-16,1282564.9603598998,0.28256496035989986
2023-05-17,1290846.299006287,0.290846299006287
2023-05-18,1297429.4000445537,0.29742940004455365
2023-05-19,1290648.5465936025,0.2906485465936026
2023-05-22,1286258.015478622,0.28625801547862184
2023-05-23,1285477.821780993,0.285477821780993
2023-05-24,1278849.2588769854,0.2788492588769853
2023-05-25,1279314.1578810192,0.2793141578810192
2023-05-26,1280363.0452401673,0.2803630452401673
2023-05-29,1280363.0452401673,0.2803630452401673
2023-05-30,1282601.610582138,0.28260161058213784
2023-05-31,1270115.881631134,0.270115881631134
2023-06-01,1270115.881631134,0.270115881631134
2023-06-02,1270115.881631134,0.270115881631134
2023-06-05,1270115.881631134,0.270115881631134
2023-06-06,1270115.881631134,0.270115881631134
2023-06-07,1270115.881631134,0.270115881631134
2023-06-09,1270115.881631134,0.270115881631134
2023-06-12,1270115.881631134,0.270115881631134
2023-06-13,1270115.881631134,0.270115881631134
2023-06-14,1270115.881631134,0.270115881631134
2023-06-15,1270115.881631134,0.270115881631134
2023-06-16,1270115.881631134,0.270115881631134
2023-06-19,1270115.881631134,0.270115881631134
2023-06-20,1270115.881631134,0.270115881631134
2023-06-21,1270115.881631134,0.270115881631134
2023-06-22,1270115.881631134,0.270115881631134
2023-06-23,1270115.881631134,0.270115881631134
2023-06-26,1270115.881631134,0.270115881631134
2023-06-27,1270115.881631134,0.270115881631134
2023-06-28,1270115.881631134,0.270115881631134
2023-06-29,1270115.881631134,0.270115881631134
2023-06-30,1270115.881631134,0.270115881631134
2023-07-03,1266440.604416624,0.26644060441662387
2023-07-04,1268215.1270446694,0.2682151270446693
2023-07-05,1273647.638586153,0.27364763858615304
2023-07-06,1271878.7326135274,0.27187873261352746
2023-07-07,1285534.3876475685,0.28553438764756844
2023-07-10,1291701.9891611491,0.2917019891611492
2023-07-11,1279894.5311684168,0.2798945311684169
2023-07-12,1288662.181528301,0.28866218152830103
2023-07-13,1295903.4501501692,0.29590345015016917
2023-07-14,1286433.4437075523,0.2864334437075522
2023-07-17,1268666.3460117735,0.2686663460117735
2023-07-18,1241815.7676439001,0.24181576764390011
2023-07-19,1246945.6211566196,0.24694562115661967
2023-07-20,1244637.6486427318,0.24463764864273174
2023-07-21,1250778.0334194247,0.25077803341942473
2023-07-24,1244854.2300355542,0.24485423003555407
2023-07-25,1240795.5753073103,0.24079557530731033
2023-07-26,1256697.4165834803,0.25669741658348033
2023-07-27,1244352.9599850934,0.24435295998509354
2023-07-28,1252175.521974822,0.25217552197482207
2023-07-31,1244322.4503280665,0.24432245032806654
2023-08-01,1241807.8617103247,0.24180786171032476
2023-08-02,1243997.7723929102,0.24399777239291032
2023-08-03,1240703.5238769697,0.2407035238769697
2023-08-04,1230272.7422879445,0.23027274228794448
2023-08-07,1221241.7032387934,0.22124170323879344
2023-08-08,1221746.4748371704,0.22174647483717047
2023-08-09,1231567.5612114654,0.23156756121146538
2023-08-10,1238599.8705008822,0.23859987050088205
2023-08-11,1234028.4536486282,0.23402845364862812
2023-08-14,1238877.6980198463,0.23887769801984637
2023-08-16,1239175.1258317789,0.2391751258317789
2023-08-17,1252634.3709148443,0.2526343709148444
2023-08-18,1255712.4416541154,0.25571244165411544
2023-08-21,1238421.7935215428,0.2384217935215427
2023-08-22,1265437.6492000546,0.2654376492000545
2023-08-23,1264479.1295334885,0.2644791295334885
2023-08-24,1262210.481709425,0.26221048170942507
2023-08-25,1256702.4548331732,0.2567024548331731
2023-08-28,1240470.701138669,0.24047070113866886
2023-08-29,1229777.0908959906,0.22977709089599063
2023-08-30,1225585.3488727806,0.2255853488727806
2023-08-31,1223616.1723511426,0.22361617235114273
2023-09-01,1223616.1723511426,0.22361617235114273
2023-09-04,1252792.1021927209,0.25279210219272086
2023-09-05,1252792.1021927209,0.25279210219272086
2023-09-06,1252792.1021927209,0.25279210219272086
2023-09-07,1252792.1021927209,0.25279210219272086
2023-09-08,1252792.1021927209,0.25279210219272086
2023-09-11,1252792.1021927209,0.25279210219272086
2023-09-12,1252792.1021927209,0.25279210219272086
2023-09-13,1252792.1021927209,0.25279210219272086
2023-09-14,1252792.1021927209,0.25279210219272086
2023-09-15,1252792.1021927209,0.25279210219272086
2023-09-18,1252792.1021927209,0.25279210219272086
2023-09-19,1252792.1021927209,0.25279210219272086
2023-09-20,1252792.1021927209,0.25279210219272086
2023-09-21,1252792.1021927209,0.25279210219272086
2023-09-22,1252792.1021927209,0.25279210219272086
2023-09-25,1252792.1021927209,0.25279210219272086
2023-09-26,1252792.1021927209,0.25279210219272086
2023-09-27,1252792.1021927209,0.25279210219272086
2023-09-28,1252792.1021927209,0.25279210219272086
2023-09-29,1252792.1021927209,0.25279210219272086
2023-10-02,1252792.1021927209,0.25279210219272086
2023-10-03,1252792.1021927209,0.25279210219272086
2023-10-04,1252792.1021927209,0.25279210219272086
2023-10-05,1252792.1021927209,0.25279210219272086
2023-10-06,1252792.1021927209,0.25279210219272086
2023-10-09,1252792.1021927209,0.25279210219272086
2023-10-10,1252792.1021927209,0.25279210219272086
2023-10-11,1252792.1021927209,0.25279210219272086
2023-10-12,1252792.1021927209,0.25279210219272086
2023-10-13,1252792.1021927209,0.25279210219272086
2023-10-16,1252792.1021927209,0.25279210219272086
2023-10-17,1252792.1021927209,0.25279210219272086
2023-10-18,1252792.1021927209,0.25279210219272086
2023-10-19,1252792.1021927209,0.25279210219272086
2023-10-20,1252792.1021927209,0.25279210219272086
2023-10-23,1252792.1021927209,0.25279210219272086
2023-10-24,1252792.1021927209,0.25279210219272086
2023-10-25,1252792.1021927209,0.25279210219272086
2023-10-26,1252792.1021927209,0.25279210219272086
2023-10-27,1252792.1021927209,0.25279210219272086
2023-10-30,1252792.1021927209,0.25279210219272086
2023-10-31,1252792.1021927209,0.25279210219272086
2023-11-02,1252792.1021927209,0.25279210219272086
2023-11-03,1252792.1021927209,0.25279210219272086
2023-11-06,1252792.1021927209,0.25279210219272086
2023-11-07,1252792.1021927209,0.25279210219272086
2023-11-08,1252792.1021927209,0.25279210219272086
2023-11-09,1252792.1021927209,0.25279210219272086
2023-11-10,1252792.1021927209,0.25279210219272086
2023-11-13,1252792.1021927209,0.25279210219272086
2023-11-14,1252792.1021927209,0.25279210219272086
2023-11-15,1252792.1021927209,0.25279210219272086
2023-11-16,1252792.1021927209,0.25279210219272086
2023-11-17,1252792.1021927209,0.25279210219272086
2023-11-20,1252792.1021927209,0.25279210219272086
2023-11-21,1252792.1021927209,0.25279210219272086
2023-11-22,1252792.1021927209,0.25279210219272086
2023-11-23,1232801.8282812194,0.23280182828121943
2023-11-24,1236649.2869915087,0.23664928699150867
2023-11-27,1246205.151310031,0.24620515131003118
2023-11-28,1237355.9070777164,0.23735590707771648
2023-11-29,1237746.328988668,0.2377463289886681
2023-11-30,1230222.1344440945,0.23022213444409445
2023-12-01,1228840.5784378513,0.22884057843785133
2023-12-04,1228840.5784378513,0.22884057843785133
2023-12-05,1228840.5784378513,0.22884057843785133
2023-12-06,1228840.5784378513,0.22884057843785133
2023-12-07,1228840.5784378513,0.22884057843785133
2023-12-08,1228840.5784378513,0.22884057843785133
2023-12-11,1228840.5784378513,0.22884057843785133
2023-12-12,1228840.5784378513,0.22884057843785133
2023-12-13,1226358.8904107597,0.22635889041075963
2023-12-14,1219626.6687799548,0.21962666877995485
2023-12-15,1250521.3250151624,0.25052132501516233
2023-12-18,1286981.5571811192,0.2869815571811192
2023-12-19,1295492.066936071,0.295492066936071
2023-12-20,1290783.7257380306,0.2907837257380306
2023-12-21,1284957.0362667183,0.2849570362667182
2023-12-22,1283863.6158600484,0.2838636158600485
2023-12-27,1280146.184351123,0.28014618435112304
2023-12-28,1275861.7850720729,0.2758617850720728
2023-12-29,1255524.3480869124,0.2555243480869125
2024-01-02,1260955.7660429068,0.2609557660429067
2024-01-03,1266162.1979431405,0.26616219794314055
2024-01-04,1275080.2839039795,0.27508028390397943
2024-01-05,1278089.718190154,0.27808971819015404
2024-01-08,1275388.0288516954,0.27538802885169544
2024-01-09,1281150.0096025723,0.2811500096025723
2024-01-10,1282142.6352623242,0.2821426352623242
2024-01-11,1277773.717697425,0.2777737176974251
2024-01-12,1273634.8955960276,0.2736348955960277
2024-01-15,1295178.0186668353,0.29517801866683535
2024-01-16,1304073.2783894097,0.30407327838940956
2024-01-17,1308019.9193943918,0.3080199193943918
2024-01-18,1309993.688525702,0.3099936885257022
2024-01-19,1310175.9713747208,0.31017597137472075
2024-01-22,1323086.1125554673,0.3230861125554674
2024-01-23,1309204.1414962343,0.3092041414962343
2024-01-24,1314149.9311489868,0.3141499311489868
2024-01-25,1327243.486734655,0.327243486734655
2024-01-26,1323369.535582295,0.323369535582295
2024-01-29,1331519.255783355,0.33151925578335506
2024-01-30,1334345.239811294,0.33434523981129405
2024-01-31,1345445.9154064828,0.34544591540648284
2024-02-01,1336133.9444185654,0.33613394441856537
2024-02-02,1331295.8520498266,0.3312958520498266
2024-02-05,1343039.5725949118,0.3430395725949118
2024-02-06,1344789.612316733,0.3447896123167329
2024-02-07,1350337.2993154447,0.35033729931544455
2024-02-08,1349367.012894979,0.34936701289497907
2024-02-09,1331777.6188984578,0.3317776188984578
2024-02-12,1335247.0090329903,0.33524700903299043
2024-02-13,1363913.265738073,0.36391326573807303
2024-02-14,1360929.654641219,0.36092965464121884
2024-02-15,1360628.5835337364,0.3606285835337364
2024-02-16,1354575.2222233706,0.3545752222233707
2024-02-19,1363360.2118637825,0.3633602118637824
2024-02-20,1352533.0814592883,0.3525330814592882
2024-02-21,1342440.849961896,0.34244084996189605
2024-02-22,1334122.9628972355,0.33412296289723553
2024-02-23,1325023.6332382304,0.32502363323823036
2024-02-26,1328030.6569373326,0.3280306569373326
2024-02-27,1330664.2627325815,0.33066426273258154
2024-02-28,1379533.327293958,0.37953332729395806
2024-02-29,1374553.6124461126,0.3745536124461126
2024-03-01,1366013.6700718433,0.36601367007184327
2024-03-04,1372138.63327827,0.3721386332782701
2024-03-05,1364645.8946153475,0.36464589461534747
2024-03-06,1378009.3695455042,0.37800936954550424
2024-03-07,1377570.6189701443,0.3775706189701442
2024-03-08,1380642.1823307546,0.38064218233075464
2024-03-11,1373471.2599104003,0.3734712599104002
2024-03-12,1351202.5823283081,0.35120258232830803
2024-03-13,1355882.7969706894,0.3558827969706895
2024-03-14,1357116.6564980247,0.3571166564980246
2024-03-15,1326106.3979436974,0.32610639794369733
2024-03-18,1322398.4735146705,0.32239847351467055
2024-03-19,1330278.2980261755,0.33027829802617537
2024-03-20,1330278.2980261755,0.33027829802617537
2024-03-21,1312275.0257452277,0.3122750257452278
2024-03-22,1309841.2972112608,0.30984129721126075
2024-03-25,1318049.1679665614,0.31804916796656135
2024-03-26,1310184.32134654,0.31018432134654006
2024-03-27,1310184.32134654,0.31018432134654006
2024-03-28,1310929.1206200658,0.3109291206200657
2024-04-02,1310929.1206200658,0.3109291206200657
2024-04-03,1310929.1206200658,0.3109291206200657
2024-04-04,1299549.0104753075,0.2995490104753076
2024-04-05,1286175.5302923014,0.28617553029230147
2024-04-08,1269508.6991938434,0.26950869919384335
2024-04-09,1246612.4332937673,0.24661243329376736
2024-04-10,1216500.772790682,0.21650077279068203
2024-04-11,1216500.772790682,0.21650077279068203
2024-04-12,1201718.1959736801,0.20171819597368001
2024-04-15,1197025.840868239,0.19702584086823904
2024-04-16,1195709.141850848,0.1957091418508481
2024-04-17,1188049.2909892912,0.18804929098929124
2024-04-18,1188049.2909892912,0.18804929098929124
2024-04-19,1188049.2909892912,0.18804929098929124
2024-04-22,1188049.2909892912,0.18804929098929124
2024-04-23,1174307.6307547356,0.17430763075473554
2024-04-24,1177363.8511428027,0.17736385114280284
2024-04-25,1180883.43898828,0.18088343898828008
2024-04-26,1192384.1206945297,0.19238412069452981
2024-04-29,1201252.0218151603,0.20125202181516033
2024-04-30,1192016.6121735012,0.1920166121735012
2024-05-02,1184609.331976704,0.18460933197670415
2024-05-06,1182121.8147382245,0.18212181473822442
2024-05-07,1185706.7715879623,0.18570677158796234
2024-05-08,1185706.7715879623,0.18570677158796234
2024-05-09,1183484.378169049,0.18348437816904895
2024-05-10,1181187.0790204615,0.1811870790204615
2024-05-13,1175545.8482248296,0.17554584822482955
2024-05-14,1154825.0289013872,0.15482502890138727
2024-05-15,1169330.769973565,0.1693307699735649
2024-05-16,1168942.7615536377,0.16894276155363763
2024-05-17,1171069.3241894785,0.1710693241894785
2024-05-20,1142521.5416902348,0.1425215416902348
2024-05-21,1142462.9400266581,0.14246294002665816
2024-05-22,1148448.8116761341,0.14844881167613422
2024-05-23,1177091.0148577318,0.17709101485773182
2024-05-24,1177167.7334185266,0.17716773341852665
2024-05-27,1191213.3492765909,0.19121334927659084
2024-05-28,1202423.9589066578,0.20242395890665765
2024-05-29,1235064.0245518785,0.23506402455187847
2024-05-31,1239859.196174101,0.239859196174101
2024-06-03,1234516.7940643227,0.2345167940643227
2024-06-04,1235878.0003654882,0.23587800036548834
2024-06-05,1249167.8851476,0.24916788514760002
2024-06-06,1267995.384587062,0.26799538458706196
2024-06-07,1283891.2718385134,0.28389127183851337
2024-06-10,1264941.0014740715,0.2649410014740716
2024-06-11,1270221.580376914,0.2702215803769139
2024-06-12,1270221.580376914,0.2702215803769139
2024-06-13,1253421.03024932,0.25342103024932006
2024-06-14,1240894.9377000595,0.24089493770005954
2024-06-17,1226400.343233837,0.22640034323383706
2024-06-18,1226489.7104826814,0.2264897104826813
2024-06-19,1243582.5768384237,0.24358257683842366
2024-06-20,1234225.9073297384,0.23422590732973836
2024-06-21,1235354.1600491577,0.23535416004915777
2024-06-24,1244297.6761109033,0.24429767611090325
2024-06-25,1246643.6688480512,0.24664366884805133
2024-06-26,1243278.1213194253,0.24327812131942528
2024-06-27,1238668.9850111655,0.2386689850111654
2024-06-28,1254418.6681495865,0.2544186681495866
2024-07-01,1241906.8950519122,0.2419068950519121
2024-07-02,1235107.2668613452,0.2351072668613452
2024-07-03,1224095.378791836,0.22409537879183605
2024-07-04,1230639.057893432,0.2306390578934321
2024-07-05,1227620.8044771336,0.2276208044771335
2024-07-08,1224309.767099043,0.22430976709904282
2024-07-09,1228098.1426871978,0.22809814268719775
2024-07-10,1231140.8980627425,0.23114089806274252
2024-07-11,1229450.937861728,0.229450937861728
2024-07-12,1228325.091066426,0.22832509106642584
2024-07-15,1232057.83641302,0.23205783641302014
2024-07-16,1229221.8547103193,0.2292218547103193
2024-07-17,1225840.3505408315,0.2258403505408315
2024-07-18,1220706.6112443635,0.22070661124436342
2024-07-19,1220706.6112443635,0.22070661124436342
2024-07-22,1220706.6112443635,0.22070661124436342
2024-07-23,1212762.636053031,0.21276263605303103
2024-07-24,1197667.0149906713,0.1976670149906714
2024-07-25,1197667.0149906713,0.1976670149906714
2024-07-26,1197667.0149906713,0.1976670149906714
2024-07-29,1197667.0149906713,0.1976670149906714
2024-07-30,1197667.0149906713,0.1976670149906714
2024-07-31,1197667.0149906713,0.1976670149906714
2024-08-01,1197667.0149906713,0.1976670149906714
2024-08-02,1197667.0149906713,0.1976670149906714
2024-08-05,1197667.0149906713,0.1976670149906714
2024-08-06,1197667.0149906713,0.1976670149906714
2024-08-07,1197667.0149906713,0.1976670149906714
2024-08-08,1197667.0149906713,0.1976670149906714
2024-08-09,1197667.0149906713,0.1976670149906714
2024-08-12,1197667.0149906713,0.1976670149906714
2024-08-13,1197667.0149906713,0.1976670149906714
2024-08-14,1197667.0149906713,0.1976670149906714
2024-08-16,1197667.0149906713,0.1976670149906714
2024-08-19,1197667.0149906713,0.1976670149906714
2024-08-20,1197667.0149906713,0.1976670149906714
2024-08-21,1197667.0149906713,0.1976670149906714
2024-08-22,1197667.0149906713,0.1976670149906714
2024-08-23,1197667.0149906713,0.1976670149906714
2024-08-26,1197667.0149906713,0.1976670149906714
2024-08-27,1197667.0149906713,0.1976670149906714
2024-08-28,1197667.0149906713,0.1976670149906714
2024-08-29,1197667.0149906713,0.1976670149906714
2024-08-30,1197667.0149906713,0.1976670149906714
2024-09-02,1197667.0149906713,0.1976670149906714
2024-09-03,1197667.0149906713,0.1976670149906714
2024-09-04,1197667.0149906713,0.1976670149906714
2024-09-05,1189048.8149822985,0.18904881498229842
2024-09-06,1189048.8149822985,0.18904881498229842
2024-09-09,1189048.8149822985,0.18904881498229842
2024-09-10,1189048.8149822985,0.18904881498229842
2024-09-11,1189048.8149822985,0.18904881498229842
2024-09-12,1189048.8149822985,0.18904881498229842
2024-09-13,1189048.8149822985,0.18904881498229842
2024-09-16,1189048.8149822985,0.18904881498229842
2024-09-17,1189048.8149822985,0.18904881498229842
2024-09-18,1189048.8149822985,0.18904881498229842
2024-09-19,1189048.8149822985,0.18904881498229842
2024-09-20,1189048.8149822985,0.18904881498229842
2024-09-23,1189048.8149822985,0.18904881498229842
2024-09-24,1189048.8149822985,0.18904881498229842
2024-09-25,1189048.8149822985,0.18904881498229842
2024-09-26,1189048.8149822985,0.18904881498229842
2024-09-27,1189048.8149822985,0.18904881498229842
2024-09-30,1189048.8149822985,0.18904881498229842
2024-10-01,1189048.8149822985,0.18904881498229842
2024-10-02,1189048.8149822985,0.18904881498229842
2024-10-03,1189048.8149822985,0.18904881498229842
2024-10-04,1189048.8149822985,0.18904881498229842
2024-10-07,1189048.8149822985,0.18904881498229842
2024-10-08,1189048.8149822985,0.18904881498229842
2024-10-09,1189048.8149822985,0.18904881498229842
2024-10-10,1189048.8149822985,0.18904881498229842
2024-10-11,1189048.8149822985,0.18904881498229842
2024-10-14,1189048.8149822985,0.18904881498229842
2024-10-15,1189048.8149822985,0.18904881498229842
2024-10-16,1189048.8149822985,0.18904881498229842
2024-10-17,1189048.8149822985,0.18904881498229842
2024-10-18,1189048.8149822985,0.18904881498229842
2024-10-21,1189048.8149822985,0.18904881498229842
2024-10-22,1189048.8149822985,0.18904881498229842
2024-10-23,1189048.8149822985,0.18904881498229842
2024-10-24,1189048.8149822985,0.18904881498229842
2024-10-25,1189048.8149822985,0.18904881498229842
2024-10-28,1189048.8149822985,0.18904881498229842
2024-10-29,1189048.8149822985,0.18904881498229842
2024-10-30,1209212.7185098534,0.20921271850985335
2024-10-31,1218732.4828766466,0.2187324828766466
2024-11-04,1218732.4828766466,0.2187324828766466
2024-11-05,1214590.8476673432,0.21459084766734327
2024-11-06,1214590.8476673432,0.21459084766734327
2024-11-07,1214590.8476673432,0.21459084766734327
2024-11-08,1214590.8476673432,0.21459084766734327
2024-11-12,1214590.8476673432,0.21459084766734327
2024-11-13,1214590.8476673432,0.21459084766734327
2024-11-14,1214590.8476673432,0.21459084766734327
2024-11-15,1214590.8476673432,0.21459084766734327
2024-11-18,1214590.8476673432,0.21459084766734327
2024-11-19,1214590.8476673432,0.21459084766734327
2024-11-20,1214590.8476673432,0.21459084766734327
2024-11-21,1214590.8476673432,0.21459084766734327
2024-11-22,1214590.8476673432,0.21459084766734327
2024-11-25,1214590.8476673432,0.21459084766734327
2024-11-26,1214590.8476673432,0.21459084766734327
2024-11-27,1214590.8476673432,0.21459084766734327
2024-11-28,1214590.8476673432,0.21459084766734327
2024-11-29,1214590.8476673432,0.21459084766734327
2024-12-02,1214590.8476673432,0.21459084766734327
2024-12-03,1214590.8476673432,0.21459084766734327
2024-12-04,1214590.8476673432,0.21459084766734327
2024-12-05,1214590.8476673432,0.21459084766734327
2024-12-06,1214590.8476673432,0.21459084766734327
2024-12-09,1215209.0616223533,0.2152090616223532
2024-12-10,1218348.9797080134,0.21834897970801337
2024-12-11,1218348.9797080134,0.21834897970801337
2024-12-12,1216617.1652588386,0.21661716525883867
2024-12-13,1216617.1652588386,0.21661716525883867
2024-12-16,1216617.1652588386,0.21661716525883867
2024-12-17,1216617.1652588386,0.21661716525883867
2024-12-18,1216617.1652588386,0.21661716525883867
2024-12-19,1216617.1652588386,0.21661716525883867
2024-12-20,1216617.1652588386,0.21661716525883867
2024-12-23,1216617.1652588386,0.21661716525883867
2024-12-27,1216617.1652588386,0.21661716525883867
2024-12-30,1216617.1652588386,0.21661716525883867
2025-01-02,1216617.1652588386,0.21661716525883867
2025-01-03,1216617.1652588386,0.21661716525883867
2025-01-07,1216617.1652588386,0.21661716525883867
2025-01-08,1216617.1652588386,0.21661716525883867
2025-01-09,1216617.1652588386,0.21661716525883867
2025-01-10,1216617.1652588386,0.21661716525883867
2025-01-13,1216617.1652588386,0.21661716525883867
2025-01-14,1216617.1652588386,0.21661716525883867
2025-01-15,1216617.1652588386,0.21661716525883867
2025-01-16,1216617.1652588386,0.21661716525883867
2025-01-17,1216617.1652588386,0.21661716525883867
2025-01-20,1216617.1652588386,0.21661716525883867
2025-01-21,1216617.1652588386,0.21661716525883867
2025-01-22,1235023.7125063508,0.2350237125063508
2025-01-23,1234039.719752835,0.23403971975283522
2025-01-24,1240986.0319454698,0.24098603194546975
2025-01-27,1238783.412669955,0.23878341266995506
2025-01-28,1227154.767333113,0.2271547673331129
2025-01-29,1229231.4502646613,0.2292314502646613
2025-01-30,1224594.5201334106,0.22459452013341052
2025-01-31,1224985.846332262,0.22498584633226204
2025-02-03,1225734.0016407906,0.22573400164079072
2025-02-04,1227673.5527483064,0.22767355274830647
2025-02-05,1214407.876053462,0.214407876053462
2025-02-06,1233443.7799568018,0.23344377995680188
2025-02-07,1239624.9285688442,0.23962492856884432
2025-02-10,1243928.1845989083,0.2439281845989083
2025-02-11,1244382.4984955147,0.24438249849551474
2025-02-12,1235342.5968002973,0.23534259680029734
2025-02-13,1182241.0517909687,0.18224105179096872
2025-02-14,1182319.5343228208,0.18231953432282078
2025-02-17,1170475.1580887022,0.17047515808870228
2025-02-18,1146907.433029557,0.14690743302955722
2025-02-19,1155714.9839561724,0.15571498395617245
2025-02-20,1191037.2863795212,0.19103728637952133
2025-02-21,1186121.3505339432,0.1861213505339432
2025-02-24,1184690.6510583726,0.18469065105837257
2025-02-25,1184690.6510583726,0.18469065105837257
2025-02-26,1178037.835398083,0.17803783539808316
2025-02-27,1178037.835398083,0.17803783539808316
2025-02-28,1178037.835398083,0.17803783539808316
2025-03-03,1178037.835398083,0.17803783539808316
2025-03-04,1179309.7920659648,0.17930979206596476
2025-03-05,1179309.7920659648,0.17930979206596476
2025-03-06,1179309.7920659648,0.17930979206596476
2025-03-07,1179309.7920659648,0.17930979206596476
2025-03-10,1179309.7920659648,0.17930979206596476
2025-03-11,1179309.7920659648,0.17930979206596476
2025-03-12,1179309.7920659648,0.17930979206596476
2025-03-13,1179309.7920659648,0.17930979206596476
2025-03-14,1179309.7920659648,0.17930979206596476
2025-03-17,1179309.7920659648,0.17930979206596476
2025-03-18,1179309.7920659648,0.17930979206596476
2025-03-19,1179309.7920659648,0.17930979206596476
2025-03-20,1179309.7920659648,0.17930979206596476
2025-03-21,1179309.7920659648,0.17930979206596476
2025-03-24,1179309.7920659648,0.17930979206596476
2025-03-25,1179309.7920659648,0.17930979206596476
2025-03-26,1179309.7920659648,0.17930979206596476
2025-03-27,1179309.7920659648,0.17930979206596476
2025-03-28,1179309.7920659648,0.17930979206596476
2025-03-31,1179309.7920659648,0.17930979206596476
2025-04-01,1179309.7920659648,0.17930979206596476
2025-04-02,1179309.7920659648,0.17930979206596476
2025-04-03,1179309.7920659648,0.17930979206596476
2025-04-04,1179309.7920659648,0.17930979206596476
2025-04-07,1179309.7920659648,0.17930979206596476
2025-04-08,1179309.7920659648,0.17930979206596476
2025-04-09,1179309.7920659648,0.17930979206596476
2025-04-10,1179309.7920659648,0.17930979206596476
2025-04-11,1179309.7920659648,0.17930979206596476
2025-04-14,1179309.7920659648,0.17930979206596476
2025-04-15,1179309.7920659648,0.17930979206596476
2025-04-16,1179309.7920659648,0.17930979206596476
2025-04-17,1179309.7920659648,0.17930979206596476
2025-04-22,1179309.7920659648,0.17930979206596476
2025-04-23,1179309.7920659648,0.17930979206596476
2025-04-24,1179309.7920659648,0.17930979206596476
2025-04-25,1179309.7920659648,0.17930979206596476
2025-04-28,1179309.7920659648,0.17930979206596476
2025-04-29,1179309.7920659648,0.17930979206596476
2025-04-30,1179309.7920659648,0.17930979206596476
2025-05-02,1179309.7920659648,0.17930979206596476
2025-05-05,1179309.7920659648,0.17930979206596476
2025-05-06,1179309.7920659648,0.17930979206596476
2025-05-07,1179309.7920659648,0.17930979206596476
2025-05-08,1179309.7920659648,0.17930979206596476
2025-05-09,1179309.7920659648,0.17930979206596476
2025-05-12,1179309.7920659648,0.17930979206596476
2025-05-13,1179309.7920659648,0.17930979206596476
2025-05-14,1179309.7920659648,0.17930979206596476
2025-05-15,1179309.7920659648,0.17930979206596476
2025-05-16,1179309.7920659648,0.17930979206596476
2025-05-19,1179309.7920659648,0.17930979206596476
2025-05-20,1179309.7920659648,0.17930979206596476
2025-05-21,1179309.7920659648,0.17930979206596476
2025-05-22,1179309.7920659648,0.17930979206596476
2025-05-23,1189585.94154944,0.18958594154943986
2025-05-26,1189272.989135507,0.18927298913550694
2025-05-27,1189272.989135507,0.18927298913550694
2025-05-28,1189272.989135507,0.18927298913550694
2025-05-29,1189272.989135507,0.18927298913550694
2025-05-30,1189272.989135507,0.18927298913550694
2025-06-02,1193226.346390519,0.19322634639051905
2025-06-03,1199896.8674449841,0.19989686744498414
2025-06-04,1204584.9090988229,0.20458490909882276
2025-06-05,1215455.274181864,0.21545527418186405
2025-06-06,1219938.448650423,0.219938448650423
2025-06-09,1209561.4875818063,0.20956148758180615
2025-06-10,1202295.6361853676,0.2022956361853676
2025-06-11,1206068.1363866474,0.20606813638664745
2025-06-12,1209753.3495454465,0.20975334954544644
2025-06-13,1209338.7642220086,0.2093387642220086
2025-06-16,1209338.7642220086,0.2093387642220086
2025-06-17,1209338.7642220086,0.2093387642220086
2025-06-18,1224521.0257758484,0.22452102577584832
2025-06-20,1221718.8860066133,0.22171888600661327
2025-06-23,1221718.8860066133,0.22171888600661327
2025-06-24,1221718.8860066133,0.22171888600661327
2025-06-25,1212945.864766519,0.212945864766519
2025-06-26,1212945.864766519,0.212945864766519
2025-06-27,1210374.0989566145,0.21037409895661452
2025-06-30,1212776.4587353512,0.21277645873535111
2025-07-01,1202512.0581147356,0.20251205811473572
2025-07-02,1213794.0996432004,0.2137940996432004
2025-07-03,1208229.3747545197,0.20822937475451964
2025-07-04,1200093.490272116,0.20009349027211587
2025-07-07,1181117.4176240666,0.18111741762406663
2025-07-08,1199165.2029061662,0.19916520290616613
2025-07-09,1198544.5607783245,0.1985445607783245
2025-07-10,1184380.863293427,0.18438086329342696
2025-07-11,1184364.636278358,0.18436463627835797
2025-07-14,1183284.7903760362,0.18328479037603618
2025-07-15,1179536.114625903,0.17953611462590313
2025-07-16,1173509.4831957433,0.17350948319574333
2025-07-17,1172696.465465414,0.17269646546541417
2025-07-18,1172828.13058353,0.17282813058352997
2025-07-21,1172920.6994041796,0.17292069940417965
2025-07-22,1161744.7899151258,0.16174478991512586
2025-07-23,1148591.0510365695,0.14859105103656955
2025-07-24,1148063.5354273512,0.14806353542735118
2025-07-25,1141858.4143633437,0.14185841436334368
2025-07-28,1160379.3762497813,0.16037937624978138
2025-07-29,1165865.0651274505,0.16586506512745047
2025-07-30,1164991.4166785881,0.1649914166785882
2025-07-31,1158738.8247895176,0.15873882478951762
2025-08-01,1153328.2170226106,0.15332821702261068
2025-08-04,1138397.0828869077,0.13839708288690766
2025-08-05,1140393.3845859512,0.1403933845859513
2025-08-06,1140384.2054629123,0.1403842054629123
2025-08-07,1133612.257740857,0.13361225774085717
2025-08-08,1126278.9742105245,0.12627897421052436
2025-08-11,1118859.0216845858,0.11885902168458573
2025-08-12,1134679.8575631494,0.13467985756314937
2025-08-13,1127986.7637245252,0.12798676372452533
2025-08-14,1122299.550668289,0.1222995506682889
2025-08-18,1121229.3231499298,0.12122932314992974
2025-08-19,1114742.692563028,0.11474269256302816
2025-08-20,1119786.1805969675,0.11978618059696755
2025-08-21,1115701.3428143293,0.11570134281432942
2025-08-22,1141283.5047429856,0.14128350474298568
2025-08-25,1141283.5047429856,0.14128350474298568
2025-08-26,1141283.5047429856,0.14128350474298568
2025-08-27,1141283.5047429856,0.14128350474298568
2025-08-28,1141283.5047429856,0.14128350474298568
2025-08-29,1141283.5047429856,0.14128350474298568
2025-09-01,1141283.5047429856,0.14128350474298568
2025-09-02,1141283.5047429856,0.14128350474298568
2025-09-03,1141283.5047429856,0.14128350474298568
2025-09-04,1141283.5047429856,0.14128350474298568
2025-09-05,1141283.5047429856,0.14128350474298568
2025-09-08,1141283.5047429856,0.14128350474298568
2025-09-09,1141283.5047429856,0.14128350474298568
2025-09-10,1141283.5047429856,0.14128350474298568
2025-09-11,1141283.5047429856,0.14128350474298568
2025-09-12,1141283.5047429856,0.14128350474298568
2025-09-15,1141283.5047429856,0.14128350474298568
2025-09-16,1141283.5047429856,0.14128350474298568
2025-09-17,1141283.5047429856,0.14128350474298568
2025-09-18,1141283.5047429856,0.14128350474298568
2025-09-19,1141283.5047429856,0.14128350474298568
2025-09-22,1125603.5564711893,0.12560355647118926
2025-09-23,1125603.5564711893,0.12560355647118926
2025-09-24,1125603.5564711893,0.12560355647118926
2025-09-25,1126624.03619412,0.12662403619412
2025-09-26,1126624.03619412,0.12662403619412
2025-09-29,1126624.03619412,0.12662403619412
2025-09-30,1126624.03619412,0.12662403619412
2025-10-01,1126624.03619412,0.12662403619412
2025-10-02,1126624.03619412,0.12662403619412
2025-10-03,1126624.03619412,0.12662403619412
2025-10-06,1121026.6473169585,0.12102664731695856
2025-10-07,1121026.6473169585,0.12102664731695856
2025-10-08,1098528.83275452,0.09852883275451996
2025-10-09,1069091.416418286,0.06909141641828609
2025-10-10,1067318.4446158053,0.06731844461580527
2025-10-13,1067318.4446158053,0.06731844461580527
2025-10-14,1067318.4446158053,0.06731844461580527
2025-10-15,1067318.4446158053,0.06731844461580527
2025-10-16,1067318.4446158053,0.06731844461580527
2025-10-17,1067318.4446158053,0.06731844461580527
2025-10-20,1067318.4446158053,0.06731844461580527
2025-10-21,1067318.4446158053,0.06731844461580527
2025-10-22,1058486.2873799868,0.058486287379986734
2025-10-23,1057383.735854721,0.057383735854720896
2025-10-24,1045303.8400381856,0.04530384003818555
2025-10-27,1036908.3419969738,0.03690834199697379
2025-10-28,1032604.6596005278,0.03260465960052783
2025-10-29,1037503.1122622031,0.03750311226220315
2025-10-30,1050705.0919471744,0.05070509194717432
2025-10-31,1054779.5555477077,0.05477955554770775
2025-11-03,1054614.3580791974,0.054614358079197345
2025-11-04,1054614.3580791974,0.054614358079197345
2025-11-05,1054614.3580791974,0.054614358079197345
2025-11-06,1054614.3580791974,0.054614358079197345
2025-11-07,1065507.4365927454,0.06550743659274527
2025-11-10,1085141.663933902,0.08514166393390199
2025-11-12,1090754.9775080984,0.09075497750809824
2025-11-13,1098169.286205026,0.09816928620502607
2025-11-14,1098272.3757991134,0.09827237579911352
2025-11-17,1098272.3757991134,0.09827237579911352
2025-11-18,1096830.6249649115,0.09683062496491157
2025-11-19,1109341.5433232756,0.10934154332327561
2025-11-20,1120814.0624538015,0.12081406245380144
2025-11-21,1119532.229045728,0.11953222904572791
2025-11-24,1119862.63025802,0.11986263025801991
