y_hat,y,raw_signal,signal,prev_signal,is_trade,trade_log_return,tx_fee_log,trade_log_return_net,equity_curve_net
0.02699733,0.043675628,1.0,1.0,0.0,1,0.043675628,-0.006018072325563021,0.037657555233860426,0.037657555233860426
-0.022933895,0.0030504176,-1.0,-1.0,1.0,1,-0.0030504176,-0.006018072325563021,-0.009068489964878149,0.028589065268982278
-0.067366555,0.020227961,-1.0,-1.0,-1.0,0,-0.020227961,-0.0,-0.020227961242198944,0.008361104026783334
-0.01206509,0.0012762549,-1.0,-1.0,-1.0,0,-0.0012762549,-0.0,-0.0012762548867613077,0.007084849140022026
0.0068556555,0.025213,1.0,1.0,-1.0,1,0.025213,-0.006018072325563021,0.019194927107716017,0.026279776247738043
0.033237375,-0.062494155,1.0,1.0,1.0,0,-0.062494155,-0.0,-0.06249415501952171,-0.03621437877178367
-0.000009546522,0.022276647,-1.0,-1.0,1.0,1,-0.022276647,-0.006018072325563021,-0.02829471971449811,-0.06450909848628178
-0.0009743334,0.004311452,-1.0,-1.0,-1.0,0,-0.004311452,-0.0,-0.004311452154070139,-0.06882055064035192
-0.06114116,-0.021740481,-1.0,-1.0,-1.0,0,0.021740481,-0.0,0.02174048125743866,-0.04708006938291326
-0.017240714,-0.0092755,-1.0,-1.0,-1.0,0,0.0092755,-0.0,0.009275499731302261,-0.037804569651611
0.017374504,0.008394235,1.0,1.0,-1.0,1,0.008394235,-0.006018072325563021,0.002376162488186769,-0.03542840716342423
0.0056408527,-0.019993594,1.0,1.0,1.0,0,-0.019993594,-0.0,-0.01999359391629696,-0.055422001079721187
0.006765152,-0.043578047,1.0,1.0,1.0,0,-0.043578047,-0.0,-0.043578047305345535,-0.09900004838506672
-0.0137723945,0.00093908096,-1.0,-1.0,1.0,1,-0.00093908096,-0.006018072325563021,-0.006957153282886334,-0.10595720166795305
-0.017455434,-0.08348441,-1.0,-1.0,-1.0,0,0.08348441,-0.0,0.08348441123962402,-0.02247279042832903
0.084136575,0.035515286,1.0,1.0,-1.0,1,0.035515286,-0.006018072325563021,0.029497213702822142,0.007024423274493111
0.0025330363,-0.047811303,1.0,1.0,1.0,0,-0.047811303,-0.0,-0.04781130328774452,-0.04078688001325141
-0.11233945,0.026952337,-1.0,-1.0,1.0,1,-0.026952337,-0.006018072325563021,-0.032970409799193925,-0.07375728981244534
0.037746176,0.0035087857,1.0,1.0,-1.0,1,0.0035087857,-0.006018072325563021,-0.0025092865860219674,-0.0762665763984673
-0.006006184,-0.033558898,-1.0,-1.0,1.0,1,0.033558898,-0.006018072325563021,0.02754082534852069,-0.048725751049946614
-0.035342813,0.015393792,-1.0,-1.0,-1.0,0,-0.015393792,-0.0,-0.01539379172027111,-0.06411954277021772
0.019317847,-0.030500615,1.0,1.0,-1.0,1,-0.030500615,-0.006018072325563021,-0.036518687341188974,-0.1006382301114067
-0.030408975,-0.0073756576,-1.0,-1.0,1.0,1,0.0073756576,-0.006018072325563021,0.001357585232878141,-0.09928064487852856
0.030595064,-0.024625957,1.0,1.0,-1.0,1,-0.024625957,-0.006018072325563021,-0.030644029337739534,-0.12992467421626808
0.00915074,-0.011449685,1.0,1.0,1.0,0,-0.011449685,-0.0,-0.01144968532025814,-0.14137435953652622
-0.054572448,0.062173754,-1.0,-1.0,1.0,1,-0.062173754,-0.006018072325563021,-0.06819182630238492,-0.20956618583891112
-0.016511306,-0.019250102,-1.0,-1.0,-1.0,0,0.019250102,-0.0,0.01925010234117508,-0.19031608349773604
-0.00022046966,0.008369801,-1.0,-1.0,-1.0,0,-0.008369801,-0.0,-0.008369800634682178,-0.19868588413241822
0.031169295,-0.007842153,1.0,1.0,-1.0,1,-0.007842153,-0.006018072325563021,-0.013860225636338777,-0.21254610976875699
0.0058466815,-0.020684656,1.0,1.0,1.0,0,-0.020684656,-0.0,-0.020684655755758286,-0.23323076552451527
-0.025061686,0.014365124,-1.0,-1.0,1.0,1,-0.014365124,-0.006018072325563021,-0.020383195910429544,-0.2536139614349448
-0.038124725,0.0152018685,-1.0,-1.0,-1.0,0,-0.0152018685,-0.0,-0.015201868489384651,-0.26881582992432945
0.0005392013,0.017537372,1.0,1.0,-1.0,1,0.017537372,-0.006018072325563021,0.011519299861216956,-0.2572965300631125
0.010769868,-0.0035848783,1.0,1.0,1.0,0,-0.0035848783,-0.0,-0.003584878286346793,-0.2608814083494593
0.009861255,-0.014992677,1.0,1.0,1.0,0,-0.014992677,-0.0,-0.014992676675319672,-0.27587408502477895
0.0036673471,0.015505164,1.0,1.0,1.0,0,0.015505164,-0.0,0.015505163930356503,-0.26036892109442245
0.0052479967,0.065977745,1.0,1.0,1.0,0,0.065977745,-0.0,0.06597774475812912,-0.19439117633629333
-0.003688573,-0.008676686,-1.0,-1.0,1.0,1,0.008676686,-0.006018072325563021,0.0026586139986161514,-0.1917325623376772
0.0015306529,-0.0033953306,1.0,1.0,-1.0,1,-0.0033953306,-0.006018072325563021,-0.009413402952080555,-0.20114596528975776
-0.022492904,-0.02858732,-1.0,-1.0,1.0,1,0.02858732,-0.006018072325563021,0.022569248493934088,-0.17857671679582365
0.024897581,0.0,1.0,1.0,-1.0,1,0.0,-0.006018072325563021,-0.006018072325563021,-0.1845947891213867
0.0031035137,-0.020201996,1.0,1.0,1.0,0,-0.020201996,-0.0,-0.020201995968818665,-0.20479678509020535
-0.0030720625,-0.02741231,-1.0,-1.0,1.0,1,0.02741231,-0.006018072325563021,0.021394237917089873,-0.1834025471731155
0.0060815914,0.03806879,1.0,1.0,-1.0,1,0.03806879,-0.006018072325563021,0.03205071766319316,-0.15135182950992232
-0.036320563,-0.020397747,-1.0,-1.0,1.0,1,0.020397747,-0.006018072325563021,0.014379674609923773,-0.13697215489999853
0.047989674,-0.029276278,1.0,1.0,-1.0,1,-0.029276278,-0.006018072325563021,-0.035294350195502824,-0.17226650509550134
0.07909164,-0.029613193,1.0,1.0,1.0,0,-0.029613193,-0.0,-0.0296131931245327,-0.20187969822003404
-0.02549972,0.024295766,-1.0,-1.0,1.0,1,-0.024295766,-0.006018072325563021,-0.030313838232135362,-0.2321935364521694
0.008911217,0.04942239,1.0,1.0,-1.0,1,0.04942239,-0.006018072325563021,0.04340431843342822,-0.18878921801874116
-0.028472945,0.00758731,-1.0,-1.0,1.0,1,-0.00758731,-0.006018072325563021,-0.013605382252311296,-0.20239460027105244
-0.010001592,0.022908842,-1.0,-1.0,-1.0,0,-0.022908842,-0.0,-0.02290884219110012,-0.22530344246215256
0.0019326918,-0.0009871909,1.0,1.0,-1.0,1,-0.0009871909,-0.006018072325563021,-0.007005263195199855,-0.23230870565735243
0.0053597763,-0.022428028,1.0,1.0,1.0,0,-0.022428028,-0.0,-0.022428028285503387,-0.2547367339428558
0.016285248,0.0075339754,1.0,1.0,1.0,0,0.0075339754,-0.0,0.007533975411206484,-0.2472027585316493
0.017850658,0.0,1.0,1.0,1.0,0,0.0,-0.0,0.0,-0.2472027585316493
0.001036067,0.003495366,1.0,1.0,1.0,0,0.003495366,-0.0,0.0034953660797327757,-0.24370739245191653
0.0022033588,0.03862804,1.0,1.0,1.0,0,0.03862804,-0.0,0.03862804174423218,-0.20507935070768435
0.026744328,0.003348652,1.0,1.0,1.0,0,0.003348652,-0.0,0.0033486520405858755,-0.20173069866709847
-0.009866957,0.01612365,-1.0,-1.0,1.0,1,-0.01612365,-0.006018072325563021,-0.02214172292110879,-0.22387242158820725
0.006679628,-0.017079266,1.0,1.0,-1.0,1,-0.017079266,-0.006018072325563021,-0.023097338113760538,-0.24696975970196777
-0.04146649,-0.01591504,-1.0,-1.0,1.0,1,0.01591504,-0.006018072325563021,0.009896967601204329,-0.23707279210076343
-0.034938786,-0.019141441,-1.0,-1.0,-1.0,0,0.019141441,-0.0,0.019141441211104393,-0.21793135088965904
0.06002302,-0.0069641,1.0,1.0,-1.0,1,-0.0069641,-0.006018072325563021,-0.012982172384684867,-0.2309135232743439
-0.010733994,0.012890473,-1.0,-1.0,1.0,1,-0.012890473,-0.006018072325563021,-0.018908545333718843,-0.24982206860806272
0.0045454255,-0.03713268,1.0,1.0,-1.0,1,-0.03713268,-0.006018072325563021,-0.0431507527416702,-0.2929728213497329
0.004960901,-0.018057328,1.0,1.0,1.0,0,-0.018057328,-0.0,-0.01805732771754265,-0.31103014906727555
0.026208388,0.020101344,1.0,1.0,1.0,0,0.020101344,-0.0,0.02010134421288967,-0.2909288048543859
0.025726868,0.0071139787,1.0,1.0,1.0,0,0.0071139787,-0.0,0.007113978732377291,-0.2838148261220086
0.00031029293,0.01658164,1.0,1.0,1.0,0,0.01658164,-0.0,0.016581639647483826,-0.26723318647452476
0.034807414,0.0014923002,1.0,1.0,1.0,0,0.0014923002,-0.0,0.0014923001872375607,-0.2657408862872872
0.008341886,0.005458541,1.0,1.0,1.0,0,0.005458541,-0.0,0.005458541214466095,-0.2602823450728211
-0.0025996575,0.010336504,-1.0,-1.0,1.0,1,-0.010336504,-0.006018072325563021,-0.016354576643383092,-0.2766369217162042
0.0016690847,-0.014302083,1.0,1.0,-1.0,1,-0.014302083,-0.006018072325563021,-0.020320155616676397,-0.29695707733288057
0.00796573,0.0014907365,1.0,1.0,1.0,0,0.0014907365,-0.0,0.0014907364966347814,-0.2954663408362458
0.009237429,0.004453185,1.0,1.0,1.0,0,0.004453185,-0.0,0.004453185014426708,-0.2910131558218191
-0.0041482057,0.007379137,-1.0,-1.0,1.0,1,-0.007379137,-0.006018072325563021,-0.013397209305142946,-0.304410365126962
-0.0052392837,-0.022302803,-1.0,-1.0,-1.0,0,0.022302803,-0.0,0.02230280265212059,-0.2821075624748414
0.010999752,-0.005026412,1.0,1.0,-1.0,1,-0.005026412,-0.006018072325563021,-0.011044484522020406,-0.2931520469968618
0.005184358,-0.0040376373,1.0,1.0,1.0,0,-0.0040376373,-0.0,-0.004037637263536453,-0.29718968426039827
0.006500639,0.014560603,1.0,1.0,1.0,0,0.014560603,-0.0,0.014560602605342865,-0.2826290816550554
0.0013126782,-0.023707561,1.0,1.0,1.0,0,-0.023707561,-0.0,-0.023707561194896698,-0.3063366428499521
-0.0047074147,-0.004606536,-1.0,-1.0,1.0,1,0.004606536,-0.006018072325563021,-0.0014115362016614156,-0.3077481790516135
-0.0035721418,0.0,-1.0,-1.0,-1.0,0,-0.0,-0.0,-0.0,-0.3077481790516135
0.032238156,0.0,1.0,1.0,-1.0,1,0.0,-0.006018072325563021,-0.006018072325563021,-0.3137662513771765
0.007987837,0.002561476,1.0,1.0,1.0,0,0.002561476,-0.0,0.002561476081609726,-0.3112047752955668
0.0141038345,0.0005109149,1.0,1.0,1.0,0,0.0005109149,-0.0,0.0005109148914925754,-0.3106938604040742
0.0073681436,0.0040809065,1.0,1.0,1.0,0,0.0040809065,-0.0,0.004080906510353088,-0.3066129538937211
0.0048004477,0.015664248,1.0,1.0,1.0,0,0.015664248,-0.0,0.015664247795939445,-0.2909487060977817
0.0077888886,0.002500859,1.0,1.0,1.0,0,0.002500859,-0.0,0.0025008590891957283,-0.28844784700858594
0.019940775,-0.008590078,1.0,1.0,1.0,0,-0.008590078,-0.0,-0.008590077981352806,-0.29703792498993875
0.0027430013,-0.006489121,1.0,1.0,1.0,0,-0.006489121,-0.0,-0.00648912088945508,-0.30352704587939383
0.008608025,0.04353103,1.0,1.0,1.0,0,0.04353103,-0.0,0.04353103041648865,-0.2599960154629052
0.005118452,0.0025936768,1.0,1.0,1.0,0,0.0025936768,-0.0,0.0025936767924576998,-0.2574023386704475
0.027484177,0.011335714,1.0,1.0,1.0,0,0.011335714,-0.0,0.011335713788866997,-0.2460666248815805
0.00096437335,0.0061278716,1.0,1.0,1.0,0,0.0061278716,-0.0,0.006127871572971344,-0.23993875330860914
0.015425427,0.0101331435,1.0,1.0,1.0,0,0.0101331435,-0.0,0.01013314351439476,-0.22980560979421438
0.00894157,-0.01370317,1.0,1.0,1.0,0,-0.01370317,-0.0,-0.013703170232474804,-0.2435087800266892
0.0020559588,0.05468609,1.0,1.0,1.0,0,0.05468609,-0.0,0.05468609184026718,-0.188822688186422
0.06480718,-0.06961631,1.0,1.0,1.0,0,-0.06961631,-0.0,-0.06961631029844284,-0.25843899848486485
-0.043477666,-0.0051995,-1.0,-1.0,1.0,1,0.0051995,-0.006018072325563021,-0.0008185724316294865,-0.2592575709164943
-0.022110049,0.012951205,-1.0,-1.0,-1.0,0,-0.012951205,-0.0,-0.012951204553246498,-0.2722087754697408
-0.037266906,-0.00051472854,-1.0,-1.0,-1.0,0,0.00051472854,-0.0,0.000514728541020304,-0.2716940469287205
0.020589989,0.0015433914,1.0,1.0,-1.0,1,0.0015433914,-0.006018072325563021,-0.0044746809460352735,-0.27616872787475577
0.008053922,0.0020541567,1.0,1.0,1.0,0,0.0020541567,-0.0,0.0020541567355394363,-0.27411457113921633
0.008010937,-0.020213177,1.0,1.0,1.0,0,-0.020213177,-0.0,-0.020213177427649498,-0.29432774856686583
0.018465843,-0.005248622,1.0,1.0,1.0,0,-0.005248622,-0.0,-0.005248622037470341,-0.2995763706043362
0.011299143,0.008384624,1.0,1.0,1.0,0,0.008384624,-0.0,0.008384623564779758,-0.2911917470395564
0.021709649,0.019638952,1.0,1.0,1.0,0,0.019638952,-0.0,0.019638951867818832,-0.2715527951717376
-0.0022306377,-0.03224527,-1.0,-1.0,1.0,1,0.03224527,-0.006018072325563021,0.026227198582315855,-0.2453255965894217
0.027607594,-0.040998407,1.0,1.0,-1.0,1,-0.040998407,-0.006018072325563021,-0.04701647903380353,-0.29234207562322523
-0.047297765,-0.0033089786,-1.0,-1.0,1.0,1,0.0033089786,-0.006018072325563021,-0.0027090936953331904,-0.2950511693185584
0.0036142915,0.0011042099,1.0,1.0,-1.0,1,0.0011042099,-0.006018072325563021,-0.004913862404240258,-0.29996503172279865
0.04770625,-0.02063097,1.0,1.0,1.0,0,-0.02063097,-0.0,-0.02063097059726715,-0.3205960023200658
0.030504283,-0.022216842,1.0,1.0,1.0,0,-0.022216842,-0.0,-0.02221684157848358,-0.3428128438985494
0.026100084,0.037869237,1.0,1.0,1.0,0,0.037869237,-0.0,0.03786923736333847,-0.3049436065352109
-0.02793755,-0.0044463044,-1.0,-1.0,1.0,1,0.0044463044,-0.006018072325563021,-0.001571767922317572,-0.30651537445752847
0.1223747,-0.0022305879,1.0,1.0,-1.0,1,-0.0022305879,-0.006018072325563021,-0.008248660206621475,-0.3147640346641499
0.035131875,-0.008412359,1.0,1.0,1.0,0,-0.008412359,-0.0,-0.008412359282374382,-0.3231763939465243
0.003519608,-0.030295605,1.0,1.0,1.0,0,-0.030295605,-0.0,-0.030295604839920998,-0.3534719987864453
0.013783384,-0.037250634,1.0,1.0,1.0,0,-0.037250634,-0.0,-0.03725063428282738,-0.3907226330692727
0.08219418,0.023222283,1.0,1.0,1.0,0,0.023222283,-0.0,0.02322228252887726,-0.3675003505403954
0.03805111,0.08514632,1.0,1.0,1.0,0,0.08514632,-0.0,0.08514632284641266,-0.28235402769398277
0.021195825,-0.032968428,1.0,1.0,1.0,0,-0.032968428,-0.0,-0.0329684279859066,-0.31532245567988937
0.007880472,-0.013499697,1.0,1.0,1.0,0,-0.013499697,-0.0,-0.013499696739017963,-0.32882215241890733
-0.0073155016,-0.01196088,-1.0,-1.0,1.0,1,0.01196088,-0.006018072325563021,0.005942807573998384,-0.32287934484490893
-0.013540704,-0.009791652,-1.0,-1.0,-1.0,0,0.009791652,-0.0,0.009791651740670204,-0.31308769310423873
-0.060153607,0.03692657,-1.0,-1.0,-1.0,0,-0.03692657,-0.0,-0.036926571279764175,-0.3500142643840029
0.036611266,-0.0237029,1.0,1.0,-1.0,1,-0.0237029,-0.006018072325563021,-0.029720973182296342,-0.37973523756629923
0.021484878,0.010790994,1.0,1.0,1.0,0,0.010790994,-0.0,0.010790994390845299,-0.36894424317545393
0.034664158,-0.014796161,1.0,1.0,1.0,0,-0.014796161,-0.0,-0.014796161092817783,-0.3837404042682717
0.008583482,0.010834067,1.0,1.0,1.0,0,0.010834067,-0.0,0.01083406712859869,-0.372906337139673
0.0064044036,-0.0056875064,1.0,1.0,1.0,0,-0.0056875064,-0.0,-0.005687506403774023,-0.37859384354344705
0.011173575,-0.0017125789,1.0,1.0,1.0,0,-0.0017125789,-0.0,-0.0017125789308920503,-0.3803064224743391
0.017809398,-0.036072697,1.0,1.0,1.0,0,-0.036072697,-0.0,-0.03607269749045372,-0.4163791199647928
0.018491503,-0.022769213,1.0,1.0,1.0,0,-0.022769213,-0.0,-0.02276921272277832,-0.43914833268757114
0.0152766695,0.00060579326,1.0,1.0,1.0,0,0.00060579326,-0.0,0.0006057932623662055,-0.43854253942520494
-0.036357705,0.0060378336,-1.0,-1.0,1.0,1,-0.0060378336,-0.006018072325563021,-0.012055905960326976,-0.4505984453855319
0.00041192397,0.0,1.0,1.0,-1.0,1,0.0,-0.006018072325563021,-0.006018072325563021,-0.4566165177110949
0.009400714,0.0060048485,1.0,1.0,1.0,0,0.0060048485,-0.0,0.006004848517477512,-0.4506116691936174
0.0038288278,0.07158219,1.0,1.0,1.0,0,0.07158219,-0.0,0.07158219069242477,-0.3790294785011926
0.009913737,0.013832552,1.0,1.0,1.0,0,0.013832552,-0.0,0.01383255235850811,-0.3651969261426845
0.009033391,-0.01606314,1.0,1.0,1.0,0,-0.01606314,-0.0,-0.016063140705227852,-0.38126006684791236
-0.00021180138,-0.008975504,-1.0,-1.0,1.0,1,0.008975504,-0.006018072325563021,0.0029574316406492515,-0.3783026352072631
0.015041512,0.020079019,1.0,1.0,-1.0,1,0.020079019,-0.006018072325563021,0.014060946222567969,-0.3642416889846951
-0.0064758435,-0.0066473032,-1.0,-1.0,1.0,1,0.0066473032,-0.006018072325563021,0.000629230909222774,-0.3636124580754723
0.01219848,-0.016252201,1.0,1.0,-1.0,1,-0.016252201,-0.006018072325563021,-0.022270273376082964,-0.38588273145155527
0.005135133,-0.03565462,1.0,1.0,1.0,0,-0.03565462,-0.0,-0.035654619336128235,-0.4215373507876835
-0.0051779747,0.029989665,-1.0,-1.0,1.0,1,-0.029989665,-0.006018072325563021,-0.03600773769972283,-0.4575450884874063
0.03516502,-0.016615344,1.0,1.0,-1.0,1,-0.016615344,-0.006018072325563021,-0.02263341653702218,-0.4801785050244285
-0.034642655,-0.009868086,-1.0,-1.0,1.0,1,0.009868086,-0.006018072325563021,0.00385001399012845,-0.47632849103430003
0.055142153,0.0069758026,1.0,1.0,-1.0,1,0.0069758026,-0.006018072325563021,0.0009577302673701568,-0.47537076076692986
-0.008781896,-0.018124525,-1.0,-1.0,1.0,1,0.018124525,-0.006018072325563021,0.012106452178383284,-0.46326430858854656
0.009069221,-0.020865506,1.0,1.0,-1.0,1,-0.020865506,-0.006018072325563021,-0.026883577886795587,-0.49014788647534213
-0.012552731,0.008400466,-1.0,-1.0,1.0,1,-0.008400466,-0.006018072325563021,-0.014418538618659563,-0.5045664250940017
-0.0008454863,-0.0029909092,-1.0,-1.0,-1.0,0,0.0029909092,-0.0,0.0029909091535955667,-0.5015755159404062
0.0036828893,-0.054169606,1.0,1.0,-1.0,1,-0.054169606,-0.006018072325563021,-0.06018767874298055,-0.5617631946833868
-0.053295717,0.02621852,-1.0,-1.0,1.0,1,-0.02621852,-0.006018072325563021,-0.03223659280297715,-0.593999787486364
-0.009115702,0.052219633,-1.0,-1.0,-1.0,0,-0.052219633,-0.0,-0.052219633013010025,-0.646219420499374
0.03985521,0.015088151,1.0,1.0,-1.0,1,0.015088151,-0.006018072325563021,0.009070078883493357,-0.6371493416158807
-0.0068283826,-0.00346173,-1.0,-1.0,1.0,1,0.00346173,-0.006018072325563021,-0.0025563423575963454,-0.639705683973477
-0.000047906302,-0.0023144956,-1.0,-1.0,-1.0,0,0.0023144956,-0.0,0.0023144956212490797,-0.637391188352228
-0.012398116,0.010949569,-1.0,-1.0,-1.0,0,-0.010949569,-0.0,-0.010949568822979927,-0.6483407571752079
-0.00113317,0.013092586,-1.0,-1.0,-1.0,0,-0.013092586,-0.0,-0.01309258583933115,-0.661433343014539
0.004503444,0.009010876,1.0,1.0,-1.0,1,0.009010876,-0.006018072325563021,0.0029928032720331474,-0.6584405397425059
0.011678144,-0.027276805,1.0,1.0,1.0,0,-0.027276805,-0.0,-0.02727680467069149,-0.6857173444131974
0.0028144412,0.0051733432,1.0,1.0,1.0,0,0.0051733432,-0.0,0.005173343233764172,-0.6805440011794333
0.023864439,-0.025541008,1.0,1.0,1.0,0,-0.025541008,-0.0,-0.02554100751876831,-0.7060850086982016
-0.005096169,0.0081988145,-1.0,-1.0,1.0,1,-0.0081988145,-0.006018072325563021,-0.01421688679215867,-0.7203018954903603
0.019848645,-0.003504187,1.0,1.0,-1.0,1,-0.003504187,-0.006018072325563021,-0.009522259427061266,-0.7298241549174216
-0.0016234629,0.015096913,-1.0,-1.0,1.0,1,-0.015096913,-0.006018072325563021,-0.02111498541740138,-0.750939140334823
-0.0008778176,-0.0011532436,-1.0,-1.0,-1.0,0,0.0011532436,-0.0,0.0011532435892149806,-0.749785896745608
0.008498607,0.033479825,1.0,1.0,-1.0,1,0.033479825,-0.006018072325563021,0.027461752336645537,-0.7223241444089625
0.009388762,0.026432572,1.0,1.0,1.0,0,0.026432572,-0.0,0.026432571932673454,-0.6958915724762891
-0.0069408463,0.016173538,-1.0,-1.0,1.0,1,-0.016173538,-0.006018072325563021,-0.022191610146140642,-0.7180831826224298
0.028615909,-0.0032132657,1.0,1.0,-1.0,1,-0.0032132657,-0.006018072325563021,-0.009231338003477044,-0.7273145206259068
0.005384495,0.004816035,1.0,1.0,1.0,0,0.004816035,-0.0,0.004816034808754921,-0.7224984858171519
0.0021561706,-0.024318496,1.0,1.0,1.0,0,-0.024318496,-0.0,-0.024318495765328407,-0.7468169815824803
0.031404246,-0.036206584,1.0,1.0,1.0,0,-0.036206584,-0.0,-0.03620658442378044,-0.7830235660062608
0.013032665,0.014081873,1.0,1.0,1.0,0,0.014081873,-0.0,0.014081872999668121,-0.7689416930065927
-0.002966728,-0.027214954,-1.0,-1.0,1.0,1,0.027214954,-0.006018072325563021,0.021196881350303107,-0.7477448116562896
-0.0134068765,0.0057329945,-1.0,-1.0,-1.0,0,-0.0057329945,-0.0,-0.0057329945266246796,-0.7534778061829143
0.031970993,0.033156864,1.0,1.0,-1.0,1,0.033156864,-0.006018072325563021,0.02713879201951068,-0.7263390141634036
-0.047324296,-0.0072112363,-1.0,-1.0,1.0,1,0.0072112363,-0.006018072325563021,0.0011931639576200767,-0.7251458502057836
0.06259334,-0.012890202,1.0,1.0,-1.0,1,-0.012890202,-0.006018072325563021,-0.01890827431884963,-0.7440541245246333
0.018415354,0.006747505,1.0,1.0,1.0,0,0.006747505,-0.0,0.006747505161911249,-0.737306619362722
0.009271548,0.033059254,1.0,1.0,1.0,0,0.033059254,-0.0,0.0330592542886734,-0.7042473650740486
-0.03618896,-0.016394516,-1.0,-1.0,1.0,1,0.016394516,-0.006018072325563021,0.010376444127583914,-0.6938709209464647
-0.032335106,-0.018346589,-1.0,-1.0,-1.0,0,0.018346589,-0.0,0.01834658905863762,-0.6755243318878271
0.0024030027,-0.041828293,1.0,1.0,-1.0,1,-0.041828293,-0.006018072325563021,-0.04784636567888219,-0.7233706975667094
0.029381888,0.016824288,1.0,1.0,1.0,0,0.016824288,-0.0,0.01682428829371929,-0.7065464092729901
0.08699612,0.004022091,1.0,1.0,1.0,0,0.004022091,-0.0,0.004022091161459684,-0.7025243181115304
0.005903702,-0.007479831,1.0,1.0,1.0,0,-0.007479831,-0.0,-0.007479831110686064,-0.7100041492222164
-0.012372477,-0.018649157,-1.0,-1.0,1.0,1,0.018649157,-0.006018072325563021,0.012631084811115675,-0.6973730644111008
-0.022574376,-0.012428154,-1.0,-1.0,-1.0,0,0.012428154,-0.0,0.012428154237568378,-0.6849449101735324
0.013096857,0.016539967,1.0,1.0,-1.0,1,0.016539967,-0.006018072325563021,0.010521894361997061,-0.6744230158115354
0.004507276,-0.00470014,1.0,1.0,1.0,0,-0.00470014,-0.0,-0.004700140096247196,-0.6791231559077826
0.0064972085,-0.0011776943,1.0,1.0,1.0,0,-0.0011776943,-0.0,-0.0011776942992582917,-0.6803008502070409
0.021582369,0.025022848,1.0,1.0,1.0,0,0.025022848,-0.0,0.025022847577929497,-0.6552780026291114
0.01233848,-0.013304691,1.0,1.0,1.0,0,-0.013304691,-0.0,-0.013304690830409527,-0.6685826934595209
-0.0031909551,0.024166647,-1.0,-1.0,1.0,1,-0.024166647,-0.006018072325563021,-0.030184719670390672,-0.6987674131299116
0.01862681,-0.010861957,1.0,1.0,-1.0,1,-0.010861957,-0.006018072325563021,-0.01688002977130372,-0.7156474429012154
0.031034775,-0.01272253,1.0,1.0,1.0,0,-0.01272253,-0.0,-0.012722530402243137,-0.7283699733034585
0.016564712,-0.023558136,1.0,1.0,1.0,0,-0.023558136,-0.0,-0.023558136075735092,-0.7519281093791936
0.025813963,0.0380062,1.0,1.0,1.0,0,0.0380062,-0.0,0.03800620138645172,-0.7139219079927419
0.0031614224,-0.018530324,1.0,1.0,1.0,0,-0.018530324,-0.0,-0.01853032410144806,-0.73245223209419
0.06173968,0.012197121,1.0,1.0,1.0,0,0.012197121,-0.0,0.012197121046483517,-0.7202551110477065
0.015450376,-0.0052091316,1.0,1.0,1.0,0,-0.0052091316,-0.0,-0.005209131632000208,-0.7254642426797067
0.0116738975,-0.013440026,1.0,1.0,1.0,0,-0.013440026,-0.0,-0.013440025970339775,-0.7389042686500464
0.008090317,0.0029396438,1.0,1.0,1.0,0,0.0029396438,-0.0,0.0029396438039839268,-0.7359646248460625
0.014722625,-0.0058847484,1.0,1.0,1.0,0,-0.0058847484,-0.0,-0.005884748417884111,-0.7418493732639466
0.002611828,0.004711204,1.0,1.0,1.0,0,0.004711204,-0.0,0.004711204208433628,-0.737138169055513
0.0056747757,0.012833858,1.0,1.0,1.0,0,0.012833858,-0.0,0.012833857908844948,-0.724304311146668
0.011565599,-0.014011976,1.0,1.0,1.0,0,-0.014011976,-0.0,-0.014011976309120655,-0.7383162874557887
0.031706728,0.009946314,1.0,1.0,1.0,0,0.009946314,-0.0,0.009946313686668873,-0.7283699737691198
0.012418464,-0.01939576,1.0,1.0,1.0,0,-0.01939576,-0.0,-0.01939575932919979,-0.7477657330983196
0.003755902,0.0,1.0,1.0,1.0,0,0.0,-0.0,0.0,-0.7477657330983196
0.026802583,0.0,1.0,1.0,1.0,0,0.0,-0.0,0.0,-0.7477657330983196
0.012522185,-0.0017817549,1.0,1.0,1.0,0,-0.0017817549,-0.0,-0.001781754894182086,-0.7495474879925017
0.0042252066,-0.0041698157,1.0,1.0,1.0,0,-0.0041698157,-0.0,-0.004169815685600042,-0.7537173036781017
-0.0014509046,0.00059675355,-1.0,-1.0,1.0,1,-0.00059675355,-0.006018072325563021,-0.006614825879981704,-0.7603321295580835
0.0005223402,0.0059480304,1.0,1.0,-1.0,1,0.0059480304,-0.006018072325563021,-0.00007004193571764992,-0.7604021714938012
-0.002781773,0.012965633,-1.0,-1.0,1.0,1,-0.012965633,-0.006018072325563021,-0.01898370492813546,-0.7793858764219367
-0.0047408203,-0.014152411,-1.0,-1.0,-1.0,0,0.014152411,-0.0,0.014152411371469498,-0.7652334650504672
0.0559453,-0.0047612516,1.0,1.0,-1.0,1,-0.0047612516,-0.006018072325563021,-0.010779323946511335,-0.7760127889969786
0.0015989579,-0.05456359,1.0,1.0,1.0,0,-0.05456359,-0.0,-0.05456358939409256,-0.8305763783910711
-0.028046321,-0.010135111,-1.0,-1.0,1.0,1,0.010135111,-0.006018072325563021,0.0041170390734319015,-0.8264593393176393
-0.037424546,0.031329967,-1.0,-1.0,-1.0,0,-0.031329967,-0.0,-0.03132996708154678,-0.857789306399186
-0.01231027,0.052282397,-1.0,-1.0,-1.0,0,-0.052282397,-0.0,-0.05228239670395851,-0.9100717031031446
0.05451595,0.013374321,1.0,1.0,-1.0,1,0.013374321,-0.006018072325563021,0.007356248837137632,-0.902715454266007
-0.014446549,0.02735146,-1.0,-1.0,1.0,1,-0.02735146,-0.006018072325563021,-0.03336953181383569,-0.9360849860798427
-0.033776473,-0.016433343,-1.0,-1.0,-1.0,0,0.016433343,-0.0,0.016433343291282654,-0.91965164278856
-0.015039692,0.0,-1.0,-1.0,-1.0,0,-0.0,-0.0,-0.0,-0.91965164278856
-0.000924245,-0.016711073,-1.0,-1.0,-1.0,0,0.016711073,-0.0,0.016711072996258736,-0.9029405697923013
0.005897696,-0.0023266117,1.0,1.0,-1.0,1,-0.0023266117,-0.006018072325563021,-0.00834468398784656,-0.9112852537801479
0.0014037141,0.0046478226,1.0,1.0,1.0,0,0.0046478226,-0.0,0.004647822584956884,-0.906637431195191
0.0047472436,0.027445288,1.0,1.0,1.0,0,0.027445288,-0.0,0.027445288375020027,-0.879192142820171
0.021831945,-0.010772639,1.0,1.0,1.0,0,-0.010772639,-0.0,-0.010772638954222202,-0.8899647817743932
0.0014079232,0.007948967,1.0,1.0,1.0,0,0.007948967,-0.0,0.007948966696858406,-0.8820158150775348
0.00017232355,-0.0016980388,1.0,1.0,1.0,0,-0.0016980388,-0.0,-0.001698038773611188,-0.883713853851146
0.0060340334,0.0011323461,1.0,1.0,1.0,0,0.0011323461,-0.0,0.0011323461076244712,-0.8825815077435215
0.0040339516,0.0073291603,1.0,1.0,1.0,0,0.0073291603,-0.0,0.00732916034758091,-0.8752523473959406
-0.003021568,-0.0028125544,-1.0,-1.0,1.0,1,0.0028125544,-0.006018072325563021,-0.003205517964264341,-0.878457865360205
0.0063156886,0.024486132,1.0,1.0,-1.0,1,0.024486132,-0.006018072325563021,0.018468059640551024,-0.859989805719654
0.011175144,-0.019986786,1.0,1.0,1.0,0,-0.019986786,-0.0,-0.01998678594827652,-0.8799765916679305
-0.010304801,0.0022405835,-1.0,-1.0,1.0,1,-0.0022405835,-0.006018072325563021,-0.008258655858984179,-0.8882352475269147
-0.022785146,-0.006739929,-1.0,-1.0,-1.0,0,0.006739929,-0.0,0.006739928852766752,-0.881495318674148
0.0043860264,0.008417078,1.0,1.0,-1.0,1,0.008417078,-0.006018072325563021,0.0023990059682969375,-0.8790963127058511
0.002591786,-0.024887756,1.0,1.0,1.0,0,-0.024887756,-0.0,-0.024887755513191223,-0.9039840682190423
0.013266519,0.0011446596,1.0,1.0,1.0,0,0.0011446596,-0.0,0.0011446595890447497,-0.9028394086299976
-0.0013683923,-0.004589644,-1.0,-1.0,1.0,1,0.004589644,-0.006018072325563021,-0.001428428530519791,-0.9042678371605174
0.007759926,0.0022990128,1.0,1.0,-1.0,1,0.0022990128,-0.006018072325563021,-0.0037190594764556365,-0.9079868966369731
-0.00013713446,-0.0028738119,-1.0,-1.0,1.0,1,0.0028738119,-0.006018072325563021,-0.0031442604547496514,-0.9111311570917228
0.0050668195,-0.013312392,1.0,1.0,-1.0,1,-0.013312392,-0.006018072325563021,-0.019330464262342043,-0.9304616213540648
0.0062129516,-0.01231474,1.0,1.0,1.0,0,-0.01231474,-0.0,-0.012314739637076855,-0.9427763609911417
0.01083528,-0.015455948,1.0,1.0,1.0,0,-0.015455948,-0.0,-0.015455948188900948,-0.9582323091800427
-0.02667844,-0.032891735,-1.0,-1.0,1.0,1,0.032891735,-0.006018072325563021,0.026873663108969145,-0.9313586460710735
-0.08589031,0.025069965,-1.0,-1.0,-1.0,0,-0.025069965,-0.0,-0.025069965049624443,-0.956428611120698
-0.003166682,-0.0030234735,-1.0,-1.0,-1.0,0,0.0030234735,-0.0,0.003023473545908928,-0.9534051375747891
0.01177261,-0.021427574,1.0,1.0,-1.0,1,-0.021427574,-0.006018072325563021,-0.027445645961737222,-0.9808507835365263
0.00459525,0.022033,1.0,1.0,1.0,0,0.022033,-0.0,0.022033000364899635,-0.9588177831716267
0.0040950305,0.013230727,1.0,1.0,1.0,0,0.013230727,-0.0,0.013230727054178715,-0.945587056117448
-0.0022386638,0.011874977,-1.0,-1.0,1.0,1,-0.011874977,-0.006018072325563021,-0.017893048893487043,-0.9634801050109351
0.00837153,0.003535168,1.0,1.0,-1.0,1,0.003535168,-0.006018072325563021,-0.0024829043129589038,-0.965963009323894
0.00095826434,-0.03715038,1.0,1.0,1.0,0,-0.03715038,-0.0,-0.03715037927031517,-1.0031133885942092
-0.025098357,0.01333977,-1.0,-1.0,1.0,1,-0.01333977,-0.006018072325563021,-0.019357842352068014,-1.0224712309462771
0.004853842,0.0012039286,1.0,1.0,-1.0,1,0.0012039286,-0.006018072325563021,-0.004814143717115708,-1.0272853746633928
-0.014473259,-0.017600443,-1.0,-1.0,1.0,1,0.017600443,-0.006018072325563021,0.011582370888615065,-1.0157030037747776
0.017670102,-0.004295201,1.0,1.0,-1.0,1,-0.004295201,-0.006018072325563021,-0.010313273366367406,-1.026016277141145
0.0038911668,0.01707121,1.0,1.0,1.0,0,0.01707121,-0.0,0.017071209847927094,-1.0089450672932179
-0.050275225,-0.0030271346,-1.0,-1.0,1.0,1,0.0030271346,-0.006018072325563021,-0.00299093775061328,-1.011936005043831
0.010430961,0.023375373,1.0,1.0,-1.0,1,0.023375373,-0.006018072325563021,0.01735730100812953,-0.9945787040357016
0.023711018,0.020522904,1.0,1.0,1.0,0,0.020522904,-0.0,0.02052290365099907,-0.9740558003847025
0.009047463,0.0028973112,1.0,1.0,1.0,0,0.0028973112,-0.0,0.002897311234846711,-0.9711584891498558
-0.0010712394,0.008071216,-1.0,-1.0,1.0,1,-0.008071216,-0.006018072325563021,-0.014089288148855753,-0.9852477772987116
-0.0040378217,0.0017204359,-1.0,-1.0,-1.0,0,-0.0017204359,-0.0,-0.001720435917377472,-0.9869682132160891
0.007844482,-0.03796181,1.0,1.0,-1.0,1,-0.03796181,-0.006018072325563021,-0.04397988315281827,-1.0309480963689073
-0.011165872,-0.0011910195,-1.0,-1.0,1.0,1,0.0011910195,-0.006018072325563021,-0.004827052779322453,-1.0357751491482297
0.0071021877,-0.024126539,1.0,1.0,-1.0,1,-0.024126539,-0.006018072325563021,-0.030144611332392282,-1.0659197604806219
-0.04691351,0.012737262,-1.0,-1.0,1.0,1,-0.012737262,-0.006018072325563021,-0.018755334388291425,-1.0846750948689132
-0.029456027,-0.018860124,-1.0,-1.0,-1.0,0,0.018860124,-0.0,0.018860124051570892,-1.0658149708173423
0.020522926,0.013421151,1.0,1.0,-1.0,1,0.013421151,-0.006018072325563021,0.007403078530157022,-1.0584118922871852
-0.00461849,0.020990627,-1.0,-1.0,1.0,1,-0.020990627,-0.006018072325563021,-0.027008699212050027,-1.0854205914992352
0.04291102,-0.017361362,1.0,1.0,-1.0,1,-0.017361362,-0.006018072325563021,-0.023379433858966417,-1.1088000253582015
0.008991668,0.0024122144,1.0,1.0,1.0,0,0.0024122144,-0.0,0.002412214409559965,-1.1063878109486416
0.0057584285,0.047067437,1.0,1.0,1.0,0,0.047067437,-0.0,0.04706743732094765,-1.059320373627694
0.024646927,-0.035089646,1.0,1.0,1.0,0,-0.035089646,-0.0,-0.0350896455347538,-1.0944100191624477
0.04084538,-0.026539136,1.0,1.0,1.0,0,-0.026539136,-0.0,-0.026539135724306107,-1.1209491548867538
-0.029681366,-0.014779888,-1.0,-1.0,1.0,1,0.014779888,-0.006018072325563021,0.008761815767908507,-1.1121873391188453
0.05486648,-0.013739715,1.0,1.0,-1.0,1,-0.013739715,-0.006018072325563021,-0.019757787655865736,-1.131945126774711
0.0385914,-0.019048983,1.0,1.0,1.0,0,-0.019048983,-0.0,-0.019048983231186867,-1.1509941100058978
0.031245459,-0.001282695,1.0,1.0,1.0,0,-0.001282695,-0.0,-0.0012826949823647738,-1.1522768049882626
-0.013795711,-0.014222852,-1.0,-1.0,1.0,1,0.014222852,-0.006018072325563021,0.008204779628837519,-1.144072025359425
-0.002647981,0.0038981035,-1.0,-1.0,-1.0,0,-0.0038981035,-0.0,-0.0038981034886091948,-1.1479701288480342
0.010454966,-0.051225226,1.0,1.0,-1.0,1,-0.051225226,-0.006018072325563021,-0.05724329869804341,-1.2052134275460775
-0.0035251807,0.006805501,-1.0,-1.0,1.0,1,-0.006805501,-0.006018072325563021,-0.012823573272502012,-1.2180370008185795
-0.001357045,-0.0054414314,-1.0,-1.0,-1.0,0,0.0054414314,-0.0,0.005441431421786547,-1.212595569396793
-0.013459485,-0.020659031,-1.0,-1.0,-1.0,0,0.020659031,-0.0,0.020659031346440315,-1.1919365380503526
-0.03413253,-0.004882478,-1.0,-1.0,-1.0,0,0.004882478,-0.0,0.004882478155195713,-1.1870540598951569
0.0061449884,0.04311078,1.0,1.0,-1.0,1,0.04311078,-0.006018072325563021,0.03709270809235614,-1.1499613518028007
0.024386693,0.004676944,1.0,1.0,1.0,0,0.004676944,-0.0,0.004676944110542536,-1.1452844076922581
-0.042578716,0.009292363,-1.0,-1.0,1.0,1,-0.009292363,-0.006018072325563021,-0.015310435514723844,-1.160594843206982
-0.004570037,0.010511116,-1.0,-1.0,-1.0,0,-0.010511116,-0.0,-0.010511116124689579,-1.1711059593316715
0.0050672004,0.00975483,1.0,1.0,-1.0,1,0.00975483,-0.006018072325563021,0.003736757714474611,-1.1673692016171968
0.005915096,-0.008448675,1.0,1.0,1.0,0,-0.008448675,-0.0,-0.008448675274848938,-1.1758178768920458
0.015266799,0.0006524383,1.0,1.0,1.0,0,0.0006524383,-0.0,0.000652438320685178,-1.1751654385713606
0.002552507,-0.0052314647,1.0,1.0,1.0,0,-0.0052314647,-0.0,-0.005231464747339487,-1.1803969033187
-0.00086061796,0.010435703,-1.0,-1.0,1.0,1,-0.010435703,-0.006018072325563021,-0.016453775536095686,-1.1968506788547957
-0.007850582,0.021189163,-1.0,-1.0,-1.0,0,-0.021189163,-0.0,-0.021189162507653236,-1.218039841362449
0.00675305,0.028805433,1.0,1.0,-1.0,1,0.028805433,-0.006018072325563021,0.022787360515618735,-1.1952524808468301
0.035409354,0.0030845874,1.0,1.0,1.0,0,0.0030845874,-0.0,0.003084587398916483,-1.1921678934479136
0.0035898008,-0.023032602,1.0,1.0,1.0,0,-0.023032602,-0.0,-0.023032601922750473,-1.215200495370664
0.016926922,-0.012038654,1.0,1.0,1.0,0,-0.012038654,-0.0,-0.01203865371644497,-1.227239149087109
0.038059134,-0.0057518533,1.0,1.0,1.0,0,-0.0057518533,-0.0,-0.005751853343099356,-1.2329910024302084
0.0013791034,-0.007720966,1.0,1.0,1.0,0,-0.007720966,-0.0,-0.007720965892076492,-1.240711968322285
0.007589207,0.0128353555,1.0,1.0,1.0,0,0.0128353555,-0.0,0.01283535547554493,-1.22787661284674
-0.022424892,-0.037689544,-1.0,-1.0,1.0,1,0.037689544,-0.006018072325563021,0.03167147193493884,-1.196205140911801
0.0052153463,0.015766857,1.0,1.0,-1.0,1,0.015766857,-0.006018072325563021,0.00974878486635726,-1.1864563560454437
-0.009963717,-0.008509509,-1.0,-1.0,1.0,1,0.008509509,-0.006018072325563021,0.0024914369398598,-1.1839649191055839
0.014445132,-0.0013156062,1.0,1.0,-1.0,1,-0.0013156062,-0.006018072325563021,-0.0073336785014848785,-1.1912985976070687
0.010610912,-0.015258832,1.0,1.0,1.0,0,-0.015258832,-0.0,-0.015258831903338432,-1.2065574295104071
0.0026977905,-0.013457283,1.0,1.0,1.0,0,-0.013457283,-0.0,-0.0134572833776474,-1.2200147128880545
-0.0018298207,-0.009532742,-1.0,-1.0,1.0,1,0.009532742,-0.006018072325563021,0.0035146698767189307,-1.2165000430113355
-0.038238727,0.02632624,-1.0,-1.0,-1.0,0,-0.02632624,-0.0,-0.026326239109039307,-1.2428262821203748
-0.03345644,-0.028380048,-1.0,-1.0,-1.0,0,0.028380048,-0.0,0.028380047529935837,-1.214446234590439
0.012791822,-0.0027449902,1.0,1.0,-1.0,1,-0.0027449902,-0.006018072325563021,-0.008763062493702359,-1.2232092970841413
-0.017596897,0.0,-1.0,-1.0,1.0,1,-0.0,-0.006018072325563021,-0.006018072325563021,-1.2292273694097042
0.009911176,0.010938732,1.0,1.0,-1.0,1,0.010938732,-0.006018072325563021,0.00492065962793868,-1.2243067097817655
0.0011379505,0.0148430085,1.0,1.0,1.0,0,0.0148430085,-0.0,0.014843008480966091,-1.2094637013007994
0.003303741,-0.008744216,1.0,1.0,1.0,0,-0.008744216,-0.0,-0.008744215592741966,-1.2182079168935414
0.0072022057,0.012754363,1.0,1.0,1.0,0,0.012754363,-0.0,0.012754363007843494,-1.2054535538856979
0.006612839,-0.0026716436,1.0,1.0,1.0,0,-0.0026716436,-0.0,-0.002671643625944853,-1.2081251975116427
0.009175759,-0.0013385032,1.0,1.0,1.0,0,-0.0013385032,-0.0,-0.0013385032070800662,-1.2094637007187228
0.011847906,0.004676944,1.0,1.0,1.0,0,0.004676944,-0.0,0.004676944110542536,-1.2047867566081802
0.003387282,-0.0020017268,1.0,1.0,1.0,0,-0.0020017268,-0.0,-0.0020017267670482397,-1.2067884833752285
0.007587473,0.0053290594,1.0,1.0,1.0,0,0.0053290594,-0.0,0.005329059436917305,-1.2014594239383112
0.005674254,0.006625222,1.0,1.0,1.0,0,0.006625222,-0.0,0.0066252220422029495,-1.1948342018961082
-0.014998766,0.020256221,-1.0,-1.0,1.0,1,-0.020256221,-0.006018072325563021,-0.026274293619966096,-1.2211084955160743
0.021497477,0.010294661,1.0,1.0,-1.0,1,0.010294661,-0.006018072325563021,0.004276588600302152,-1.216831906915772
0.011132055,0.0019185059,1.0,1.0,1.0,0,0.0019185059,-0.0,0.0019185058772563934,-1.2149134010385156
0.0053073447,0.019257817,1.0,1.0,1.0,0,0.019257817,-0.0,0.019257817417383194,-1.1956555836211324
0.02846453,-0.0054644947,1.0,1.0,1.0,0,-0.0054644947,-0.0,-0.005464494694024324,-1.2011200783151568
0.009591633,-0.004806051,1.0,1.0,1.0,0,-0.004806051,-0.0,-0.004806051030755043,-1.2059261293459118
0.009457564,0.010270545,1.0,1.0,1.0,0,0.010270545,-0.0,0.01027054525911808,-1.1956555840867937
-0.0041280603,-0.018563613,-1.0,-1.0,1.0,1,0.018563613,-0.006018072325563021,0.012545540969992094,-1.1831100431168016
0.008659269,-0.009762978,1.0,1.0,-1.0,1,-0.009762978,-0.006018072325563021,-0.015781050506805963,-1.1988910936236075
0.004959505,-0.013404081,1.0,1.0,1.0,0,-0.013404081,-0.0,-0.013404080644249916,-1.2122951742678574
-0.014698846,0.0056657377,-1.0,-1.0,1.0,1,-0.0056657377,-0.006018072325563021,-0.011683809995477981,-1.2239789842633353
0.008432686,-0.028655255,1.0,1.0,-1.0,1,-0.028655255,-0.006018072325563021,-0.03467332753894288,-1.258652311802278
0.016925704,-0.043824315,1.0,1.0,1.0,0,-0.043824315,-0.0,-0.04382431507110596,-1.302476626873384
-0.027905177,0.012075619,-1.0,-1.0,1.0,1,-0.012075619,-0.006018072325563021,-0.018093691166317052,-1.320570318039701
-0.023741134,0.026648505,-1.0,-1.0,-1.0,0,-0.026648505,-0.0,-0.0266485046595335,-1.3472188226992345
-0.035357963,-0.0058608227,-1.0,-1.0,-1.0,0,0.0058608227,-0.0,0.00586082274094224,-1.3413579999582923
0.008833418,-0.0058953743,1.0,1.0,-1.0,1,-0.0058953743,-0.006018072325563021,-0.011913446668362207,-1.3532714466266544
0.015516992,-0.030009754,1.0,1.0,1.0,0,-0.030009754,-0.0,-0.03000975400209427,-1.3832812006287487
0.0256345,-0.025454517,1.0,1.0,1.0,0,-0.025454517,-0.0,-0.02545451745390892,-1.4087357180826576
0.027005015,-0.0039138994,1.0,1.0,1.0,0,-0.0039138994,-0.0,-0.003913899417966604,-1.4126496175006242
-0.025376227,0.008590447,-1.0,-1.0,1.0,1,-0.008590447,-0.006018072325563021,-0.014608519110655374,-1.4272581366112795
-0.009694718,-0.012519726,-1.0,-1.0,-1.0,0,0.012519726,-0.0,0.01251972559839487,-1.4147384110128847
-0.016597094,-0.0039447783,-1.0,-1.0,-1.0,0,0.0039447783,-0.0,0.003944778349250555,-1.4107936326636341
0.0016668332,0.0,1.0,1.0,-1.0,1,0.0,-0.006018072325563021,-0.006018072325563021,-1.416811704989197
0.008129484,0.0063041975,1.0,1.0,1.0,0,0.0063041975,-0.0,0.006304197479039431,-1.4105075075101576
0.0017805756,-0.020635653,1.0,1.0,1.0,0,-0.020635653,-0.0,-0.020635653287172318,-1.43114316079733
0.010426907,-0.04092224,1.0,1.0,1.0,0,-0.04092224,-0.0,-0.04092223942279816,-1.472065400220128
-0.013944693,-0.007547206,-1.0,-1.0,1.0,1,0.007547206,-0.006018072325563021,0.0015291334541384502,-1.4705362667659896
-0.012343738,0.018349139,-1.0,-1.0,-1.0,0,-0.018349139,-0.0,-0.018349139019846916,-1.4888854057858365
-0.014488634,0.023684243,-1.0,-1.0,-1.0,0,-0.023684243,-0.0,-0.023684242740273476,-1.51256964852611
-0.016011372,0.007237667,-1.0,-1.0,-1.0,0,-0.007237667,-0.0,-0.007237667217850685,-1.5198073157439607
0.00452468,0.019048195,1.0,1.0,-1.0,1,0.019048195,-0.006018072325563021,0.013030123006725722,-1.5067771927372349
0.031327922,-0.0023612762,1.0,1.0,1.0,0,-0.0023612762,-0.0,-0.002361276187002659,-1.5091384689242375
0.012498939,-0.019093659,1.0,1.0,1.0,0,-0.019093659,-0.0,-0.01909365877509117,-1.5282321276993287
0.005527126,0.004807702,1.0,1.0,1.0,0,0.004807702,-0.0,0.004807701800018549,-1.5234244258993102
0.032558225,0.014285957,1.0,1.0,1.0,0,0.014285957,-0.0,0.01428595744073391,-1.5091384684585762
-0.00019493233,-0.007117468,-1.0,-1.0,1.0,1,0.007117468,-0.006018072325563021,0.0010993956068400665,-1.508039072851736
0.0083061475,0.00790518,1.0,1.0,-1.0,1,0.00790518,-0.006018072325563021,0.0018871073091272636,-1.5061519655426088
0.00611586,0.00078709173,1.0,1.0,1.0,0,0.00078709173,-0.0,0.0007870917324908078,-1.505364873810118
0.008689584,-0.01266842,1.0,1.0,1.0,0,-0.01266842,-0.0,-0.012668419629335403,-1.5180332934394534
-0.0039228033,-0.003992021,-1.0,-1.0,1.0,1,0.003992021,-0.006018072325563021,-0.002026051241731234,-1.5200593446811845
0.0015217806,-0.008032172,1.0,1.0,-1.0,1,-0.008032172,-0.006018072325563021,-0.014050244312560148,-1.5341095889937446
0.0013141502,-0.0040404093,1.0,1.0,1.0,0,-0.0040404093,-0.0,-0.004040409345179796,-1.5381499983389244
0.016985465,-0.014682156,1.0,1.0,1.0,0,-0.014682156,-0.0,-0.014682156033813953,-1.5528321543727384
0.0068981303,0.0,1.0,1.0,1.0,0,0.0,-0.0,0.0,-1.5528321543727384
0.0038159043,0.040263087,1.0,1.0,1.0,0,0.040263087,-0.0,0.040263086557388306,-1.51256906781535
0.031951815,-0.01350835,1.0,1.0,1.0,0,-0.01350835,-0.0,-0.013508349657058716,-1.5260774174724088
-0.0136666745,-0.020202707,-1.0,-1.0,1.0,1,0.020202707,-0.006018072325563021,0.01418463517370265,-1.511892782298706
0.0059873015,-0.012320484,1.0,1.0,-1.0,1,-0.012320484,-0.006018072325563021,-0.018338556360280103,-1.530231338658986
-0.053478833,-0.012474175,-1.0,-1.0,1.0,1,0.012474175,-0.006018072325563021,0.0064561022857074065,-1.5237752363732786
-0.0031418428,-0.038384244,-1.0,-1.0,-1.0,0,0.038384244,-0.0,0.038384243845939636,-1.485390992527339
0.025597837,-0.040821996,1.0,1.0,-1.0,1,-0.040821996,-0.006018072325563021,-0.046840067911719865,-1.5322310604390588
0.06657968,-0.033152208,1.0,1.0,1.0,0,-0.033152208,-0.0,-0.03315220773220062,-1.5653832681712594
-0.030976657,0.018553408,-1.0,-1.0,1.0,1,-0.018553408,-0.006018072325563021,-0.0245714801883455,-1.5899547483596048
0.04282084,-0.00645461,1.0,1.0,-1.0,1,-0.00645461,-0.006018072325563021,-0.01247268212569315,-1.602427430485298
0.026629247,-0.017732617,1.0,1.0,1.0,0,-0.017732617,-0.0,-0.017732616513967514,-1.6201600469992654
0.0076009342,-0.0018850147,1.0,1.0,1.0,0,-0.0018850147,-0.0,-0.001885014702565968,-1.6220450617018314
0.0068582855,-0.038466282,1.0,1.0,1.0,0,-0.038466282,-0.0,-0.038466282188892365,-1.6605113438907237
0.012895706,0.0,1.0,1.0,1.0,0,0.0,-0.0,0.0,-1.6605113438907237
-0.014086122,0.0009799119,-1.0,-1.0,1.0,1,-0.0009799119,-0.006018072325563021,-0.006997984210787304,-1.667509328101511
0.008530768,0.0039100735,1.0,1.0,-1.0,1,0.0039100735,-0.006018072325563021,-0.0021079987807329373,-1.6696173268822438
0.009002033,0.052268427,1.0,1.0,1.0,0,0.052268427,-0.0,0.05226842686533928,-1.6173489000169046
0.008218578,0.014706148,1.0,1.0,1.0,0,0.014706148,-0.0,0.014706147834658623,-1.602642752182246
-0.005808642,-0.0064073447,-1.0,-1.0,1.0,1,0.0064073447,-0.006018072325563021,0.00038927238824408485,-1.6022534797940018
-0.0035832543,0.034299392,-1.0,-1.0,-1.0,0,-0.034299392,-0.0,-0.03429939225316048,-1.6365528720471623
0.0075335484,0.0061919703,1.0,1.0,-1.0,1,0.0061919703,-0.006018072325563021,0.00017389798926752045,-1.6363789740578947
-0.0038312972,0.0482021,-1.0,-1.0,1.0,1,-0.0482021,-0.006018072325563021,-0.05422017346677739,-1.690599147524672
0.011305609,0.0033557077,1.0,1.0,-1.0,1,0.0033557077,-0.006018072325563021,-0.002662364585151859,-1.6932615121098238
-0.010893332,0.042629406,-1.0,-1.0,1.0,1,-0.042629406,-0.006018072325563021,-0.04864747818169553,-1.7419089902915192
0.026296208,-0.033458855,1.0,1.0,-1.0,1,-0.033458855,-0.006018072325563021,-0.039476927328681535,-1.7813859176202007
0.025320482,-0.029475817,1.0,1.0,1.0,0,-0.029475817,-0.0,-0.02947581745684147,-1.8108617350770422
-0.031422272,-0.027731413,-1.0,-1.0,1.0,1,0.027731413,-0.006018072325563021,0.021713340696120673,-1.7891483943809214
-0.016650857,0.0362421,-1.0,-1.0,-1.0,0,-0.0362421,-0.0,-0.03624210134148598,-1.8253904957224074
0.006079275,-0.011078085,1.0,1.0,-1.0,1,-0.011078085,-0.006018072325563021,-0.01709615714458186,-1.8424866528669892
-0.019496953,0.010230268,-1.0,-1.0,1.0,1,-0.010230268,-0.006018072325563021,-0.016248340677296705,-1.8587349935442858
0.008253498,0.013479563,1.0,1.0,-1.0,1,0.013479563,-0.006018072325563021,0.007461491082036905,-1.8512735024622489
0.005907492,-0.021997502,1.0,1.0,1.0,0,-0.021997502,-0.0,-0.021997502073645592,-1.8732710045358945
0.050780673,0.017804625,1.0,1.0,1.0,0,0.017804625,-0.0,0.017804624512791634,-1.8554663800231028
0.008603146,-0.047320656,1.0,1.0,1.0,0,-0.047320656,-0.0,-0.047320656478405,-1.9027870365015078
0.002668547,-0.004415018,1.0,1.0,1.0,0,-0.004415018,-0.0,-0.004415018018335104,-1.907202054519843
0.036764663,-0.013363228,1.0,1.0,1.0,0,-0.013363228,-0.0,-0.013363228179514408,-1.9205652826993573
-0.018944789,-0.013544225,-1.0,-1.0,1.0,1,0.013544225,-0.006018072325563021,0.0075261528083924575,-1.9130391298909648
-0.06715199,-0.0018198367,-1.0,-1.0,-1.0,0,0.0018198367,-0.0,0.001819836674258113,-1.9112192932167067
-0.0054778736,0.004543397,-1.0,-1.0,-1.0,0,-0.004543397,-0.0,-0.004543397109955549,-1.9157626903266622
0.0045656934,-0.012773897,1.0,1.0,-1.0,1,-0.012773897,-0.006018072325563021,-0.0187919688930865,-1.9345546592197487
-0.0033268845,0.009140831,-1.0,-1.0,1.0,1,-0.009140831,-0.006018072325563021,-0.015158903743898458,-1.949713562963647
0.007349945,-0.0082229795,1.0,1.0,-1.0,1,-0.0082229795,-0.006018072325563021,-0.014241051819002218,-1.9639546147826492
0.006278609,-0.004597709,1.0,1.0,1.0,0,-0.004597709,-0.0,-0.0045977090485394,-1.9685523238311886
0.018153284,-0.004618946,1.0,1.0,1.0,0,-0.004618946,-0.0,-0.004618945997208357,-1.973171269828397
-0.000085806474,-0.009302393,-1.0,-1.0,1.0,1,0.009302393,-0.006018072325563021,0.0032843202764038367,-1.969886949551993
0.0018983311,0.00093414297,1.0,1.0,-1.0,1,0.00093414297,-0.006018072325563021,-0.0050839293569456415,-1.9749708789089386
0.0065671382,0.031252544,1.0,1.0,1.0,0,0.031252544,-0.0,0.03125254437327385,-1.9437183345356648
-0.013606995,0.03468556,-1.0,-1.0,1.0,1,-0.03468556,-0.006018072325563021,-0.04070363189635236,-1.984421966432017
0.061108775,-0.031974304,1.0,1.0,-1.0,1,-0.031974304,-0.006018072325563021,-0.03799237679300267,-2.02241434322502
-0.008160809,-0.030235928,-1.0,-1.0,1.0,1,0.030235928,-0.006018072325563021,0.024217855226421767,-1.998196487998598
-0.027775843,0.028429242,-1.0,-1.0,-1.0,0,-0.028429242,-0.0,-0.028429241850972176,-2.0266257298495702
-0.015598372,-0.014572207,-1.0,-1.0,-1.0,0,0.014572207,-0.0,0.014572206884622574,-2.0120535229649477
-0.0121132005,-0.013857035,-1.0,-1.0,-1.0,0,0.013857035,-0.0,0.013857034966349602,-1.998196487998598
0.021331549,0.012939182,1.0,1.0,-1.0,1,0.012939182,-0.006018072325563021,0.006921109784567766,-1.9912753782140302
-0.008030732,-0.021346519,-1.0,-1.0,1.0,1,0.021346519,-0.006018072325563021,0.015328446444297247,-1.975946931769733
0.014331806,0.009337136,1.0,1.0,-1.0,1,0.009337136,-0.006018072325563021,0.003319063265049867,-1.972627868504683
0.022958502,0.062154174,1.0,1.0,1.0,0,0.062154174,-0.0,0.062154173851013184,-1.9104736946536698
0.018683437,0.014738021,1.0,1.0,1.0,0,0.014738021,-0.0,0.014738021418452263,-1.8957356732352175
0.003012137,0.01537178,1.0,1.0,1.0,0,0.01537178,-0.0,0.015371779911220074,-1.8803638933239974
-0.07480091,-0.023147197,-1.0,-1.0,1.0,1,0.023147197,-0.006018072325563021,0.01712912511470359,-1.8632347682092938
0.010304722,-0.0069626044,1.0,1.0,-1.0,1,-0.0069626044,-0.006018072325563021,-0.012980676680630035,-1.8762154448899238
0.0074231033,0.007829531,1.0,1.0,1.0,0,0.007829531,-0.0,0.007829531095921993,-1.8683859137940018
0.02021787,0.009486919,1.0,1.0,1.0,0,0.009486919,-0.0,0.009486919268965721,-1.858898994525036
0.007373998,0.011096998,1.0,1.0,1.0,0,0.011096998,-0.0,0.011096998117864132,-1.847801996407172
-0.006281675,-0.028413448,-1.0,-1.0,1.0,1,0.028413448,-0.006018072325563021,0.022395376157188826,-1.825406620249983
-0.011113437,0.0,-1.0,-1.0,-1.0,0,-0.0,-0.0,-0.0,-1.825406620249983
-0.04930752,0.008695707,-1.0,-1.0,-1.0,0,-0.008695707,-0.0,-0.008695706725120544,-1.8341023269751036
-0.007802207,-0.010443959,-1.0,-1.0,-1.0,0,0.010443959,-0.0,0.010443959385156631,-1.823658367589947
-0.0071413303,-0.02480198,-1.0,-1.0,-1.0,0,0.02480198,-0.0,0.024801980704069138,-1.7988563868858778
0.02157393,0.0044742804,1.0,1.0,-1.0,1,0.0044742804,-0.006018072325563021,-0.0015437919234986977,-1.8004001788093764
0.006838384,-0.0044742804,1.0,1.0,1.0,0,-0.0044742804,-0.0,-0.004474280402064323,-1.8048744592114407
0.012391292,-0.029119438,1.0,1.0,1.0,0,-0.029119438,-0.0,-0.02911943756043911,-1.8339938967718799
0.010734667,0.01920498,1.0,1.0,1.0,0,0.01920498,-0.0,0.01920497976243496,-1.814788917009445
0.004610056,-0.013680104,1.0,1.0,1.0,0,-0.013680104,-0.0,-0.013680104166269302,-1.8284690211757142
-0.006616909,-0.021346519,-1.0,-1.0,1.0,1,0.021346519,-0.006018072325563021,0.015328446444297247,-1.8131405747314169
0.02192694,-0.04705621,1.0,1.0,-1.0,1,-0.04705621,-0.006018072325563021,-0.0530742816215511,-1.866214856352968
0.14335625,0.01754431,1.0,1.0,1.0,0,0.01754431,-0.0,0.01754431053996086,-1.848670545813007
0.026025832,0.0038572855,1.0,1.0,1.0,0,0.0038572855,-0.0,0.0038572854828089476,-1.844813260330198
0.0005654418,-0.01649722,1.0,1.0,1.0,0,-0.01649722,-0.0,-0.01649722084403038,-1.8613104811742285
-0.02584771,0.01649722,-1.0,-1.0,1.0,1,-0.01649722,-0.006018072325563021,-0.0225152931695934,-1.8838257743438218
0.009227283,0.03684876,1.0,1.0,-1.0,1,0.03684876,-0.006018072325563021,0.03083068881573718,-1.8529950855280846
0.0050174184,0.016559716,1.0,1.0,1.0,0,0.016559716,-0.0,0.016559716314077377,-1.8364353692140072
-0.02128236,0.01179152,-1.0,-1.0,1.0,1,-0.01179152,-0.006018072325563021,-0.017809592146253175,-1.8542449613602603
0.023366487,0.0044984333,1.0,1.0,-1.0,1,0.0044984333,-0.006018072325563021,-0.00151963900384862,-1.8557646003641088
0.0021071443,-0.026377155,1.0,1.0,1.0,0,-0.026377155,-0.0,-0.026377154514193535,-1.8821417548783024
0.019899428,0.010087201,1.0,1.0,1.0,0,0.010087201,-0.0,0.010087201371788979,-1.8720545535065134
0.032295927,0.008178147,1.0,1.0,1.0,0,0.008178147,-0.0,0.008178146556019783,-1.8638764069504936
0.0029215023,0.061422814,1.0,1.0,1.0,0,0.061422814,-0.0,0.061422813683748245,-1.8024535932667454
0.043519855,-0.031117463,1.0,1.0,1.0,0,-0.031117463,-0.0,-0.03111746348440647,-1.8335710567511518
0.054437682,0.010480445,1.0,1.0,1.0,0,0.010480445,-0.0,0.010480444878339767,-1.823090611872812
0.0038806135,-0.01664515,1.0,1.0,1.0,0,-0.01664515,-0.0,-0.016645150259137154,-1.8397357621319492
-0.0076904427,0.005286356,-1.0,-1.0,1.0,1,-0.005286356,-0.006018072325563021,-0.011304428294127769,-1.851040190426077
0.020211251,0.022590013,1.0,1.0,-1.0,1,0.022590013,-0.006018072325563021,0.016571940895343237,-1.8344682495307336
0.013754497,0.0,1.0,1.0,1.0,0,0.0,-0.0,0.0,-1.8344682495307336
0.009424877,-0.028760152,1.0,1.0,1.0,0,-0.028760152,-0.0,-0.02876015193760395,-1.8632284014683376
0.010589663,-0.015145056,1.0,1.0,1.0,0,-0.015145056,-0.0,-0.015145055949687958,-1.8783734574180255
0.07214028,0.030934857,1.0,1.0,1.0,0,0.030934857,-0.0,0.030934857204556465,-1.847438600213469
0.08173993,-0.004361106,1.0,1.0,1.0,0,-0.004361106,-0.0,-0.0043611060827970505,-1.8517997062962661
-0.025725842,0.0130266715,-1.0,-1.0,1.0,1,-0.0130266715,-0.006018072325563021,-0.01904474380967576,-1.8708444501059418
0.018511124,0.009446184,1.0,1.0,-1.0,1,0.009446184,-0.006018072325563021,0.0034281118253115936,-1.8674163382806301
0.008350365,-0.0060008755,1.0,1.0,1.0,0,-0.0060008755,-0.0,-0.006000875495374203,-1.8734172137760043
0.010457313,-0.013853035,1.0,1.0,1.0,0,-0.013853035,-0.0,-0.013853034935891628,-1.887270248711896
0.0067146067,0.015571249,1.0,1.0,1.0,0,0.015571249,-0.0,0.015571248717606068,-1.87169899999429
0.00447686,0.011096998,1.0,1.0,1.0,0,0.011096998,-0.0,0.011096998117864132,-1.8606020018764258
0.0002776864,-0.0034013637,1.0,1.0,1.0,0,-0.0034013637,-0.0,-0.0034013637341558933,-1.8640033656105817
0.015423478,-0.005123837,1.0,1.0,1.0,0,-0.005123837,-0.0,-0.005123836919665337,-1.869127202530247
-0.00009835744,0.011915035,-1.0,-1.0,1.0,1,-0.011915035,-0.006018072325563021,-0.017933106940066404,-1.8870603094703133
-0.0155406725,0.035732925,-1.0,-1.0,-1.0,0,-0.035732925,-0.0,-0.035732924938201904,-1.9227932344085152
0.029321412,0.016194686,1.0,1.0,-1.0,1,0.016194686,-0.006018072325563021,0.01017661396803897,-1.9126166204404762
-0.010128807,-0.03265596,-1.0,-1.0,1.0,1,0.03265596,-0.006018072325563021,0.02663788948597949,-1.8859787309544966
-0.01919985,0.012371291,-1.0,-1.0,-1.0,0,-0.012371291,-0.0,-0.012371291406452656,-1.8983500223609493
0.013406988,-0.012371291,1.0,1.0,-1.0,1,-0.012371291,-0.006018072325563021,-0.018389363732015676,-1.916739386092965
0.0064176954,0.044632155,1.0,1.0,1.0,0,0.044632155,-0.0,0.04463215544819832,-1.8721072306447666
0.06284489,-0.0047732787,1.0,1.0,1.0,0,-0.0047732787,-0.0,-0.004773278720676899,-1.8768805093654435
-0.06336263,-0.014458084,-1.0,-1.0,1.0,1,0.014458084,-0.006018072325563021,0.008440011222088747,-1.8684404981433547
0.0048518805,-0.01878373,1.0,1.0,-1.0,1,-0.01878373,-0.006018072325563021,-0.024801801848983354,-1.893242299992338
0.003245404,0.003292184,1.0,1.0,1.0,0,0.003292184,-0.0,0.00329218409024179,-1.8899501159020962
0.00989189,-0.030874375,1.0,1.0,1.0,0,-0.030874375,-0.0,-0.030874375253915787,-1.920824491156012
0.003986375,-0.011078085,1.0,1.0,1.0,0,-0.011078085,-0.0,-0.01107808481901884,-1.9319025759750308
-0.023575606,0.008532475,-1.0,-1.0,1.0,1,-0.008532475,-0.006018072325563021,-0.014550547074353284,-1.946453123049384
-0.035020776,-0.014548823,-1.0,-1.0,-1.0,0,0.014548823,-0.0,0.014548823237419128,-1.9319042998119649
-0.010417016,-0.009528006,-1.0,-1.0,-1.0,0,0.009528006,-0.0,0.009528006426990032,-1.9223762933849748
-0.009651057,-0.0061108875,-1.0,-1.0,-1.0,0,0.0061108875,-0.0,0.006110887508839369,-1.9162654058761355
0.0026005022,-0.03474737,1.0,1.0,-1.0,1,-0.03474737,-0.006018072325563021,-0.04076544191298444,-1.9570308477891198
0.020518636,0.005424968,1.0,1.0,1.0,0,0.005424968,-0.0,0.005424967966973782,-1.951605879822146
0.04280746,-0.02372374,1.0,1.0,1.0,0,-0.02372374,-0.0,-0.023723740130662918,-1.975329619952809
0.019297045,0.005524876,1.0,1.0,1.0,0,0.005524876,-0.0,0.005524876061826944,-1.969804743890982
0.046478715,0.014585491,1.0,1.0,1.0,0,0.014585491,-0.0,0.014585491269826889,-1.9552192526211551
-0.009075517,-0.010919126,-1.0,-1.0,1.0,1,0.010919126,-0.006018072325563021,0.004901053425097875,-1.9503181991960572
0.03775368,0.022615166,1.0,1.0,-1.0,1,0.022615166,-0.006018072325563021,0.016597094055438452,-1.9337211051406187
0.010571932,0.029958187,1.0,1.0,1.0,0,0.029958187,-0.0,0.02995818667113781,-1.9037629184694809
-0.01669095,-0.0026075635,-1.0,-1.0,1.0,1,0.0026075635,-0.006018072325563021,-0.0034105088150258736,-1.9071734272845067
0.008058062,-0.016674366,1.0,1.0,-1.0,1,-0.016674366,-0.006018072325563021,-0.02269243817386586,-1.9298658654583725
0.00604412,-0.013363228,1.0,1.0,1.0,0,-0.013363228,-0.0,-0.013363228179514408,-1.9432290936378869
0.029608691,0.0044742804,1.0,1.0,1.0,0,0.0044742804,-0.0,0.004474280402064323,-1.9387548132358225
-0.00029134424,0.022948934,-1.0,-1.0,1.0,1,-0.022948934,-0.006018072325563021,-0.028967006090855188,-1.9677218193266777
0.016695227,-0.0319176,1.0,1.0,-1.0,1,-0.0319176,-0.006018072325563021,-0.03793567414936978,-2.0056574934760474
0.009639084,-0.013605652,1.0,1.0,1.0,0,-0.013605652,-0.0,-0.013605652377009392,-2.0192631458530568
0.0205953,-0.005494519,1.0,1.0,1.0,0,-0.005494519,-0.0,-0.0054945191368460655,-2.024757664989903
-0.04144105,-0.005524876,-1.0,-1.0,1.0,1,0.005524876,-0.006018072325563021,-0.0004931962637360768,-2.025250861253639
0.01834749,-0.0027739268,1.0,1.0,-1.0,1,-0.0027739268,-0.006018072325563021,-0.008791999151756949,-2.0340428604053957
0.019294877,-0.0065025776,1.0,1.0,1.0,0,-0.0065025776,-0.0,-0.006502577569335699,-2.0405454379747314
-0.0028434573,-0.0216683,-1.0,-1.0,1.0,1,0.0216683,-0.006018072325563021,0.01565022770705264,-2.0248952102676787
0.012561262,0.021202208,1.0,1.0,-1.0,1,0.021202208,-0.006018072325563021,0.01518413614871543,-2.009711074118963
0.0068873344,0.0023282897,1.0,1.0,1.0,0,0.0023282897,-0.0,0.002328289672732353,-2.007382784446231
0.034819208,-0.03309995,1.0,1.0,1.0,0,-0.03309995,-0.0,-0.0330999493598938,-2.0404827338061247
-0.030783493,-0.040221214,-1.0,-1.0,1.0,1,0.040221214,-0.006018072325563021,0.03420314196887057,-2.006279591837254
0.01040076,0.015889112,1.0,1.0,-1.0,1,0.015889112,-0.006018072325563021,0.009871039580727034,-1.996408552256527
-0.06222554,0.017094433,-1.0,-1.0,1.0,1,-0.017094433,-0.006018072325563021,-0.023112505633210725,-2.0195210578897376
0.019538544,-0.012180419,1.0,1.0,-1.0,1,-0.012180419,-0.006018072325563021,-0.018198491032993383,-2.037719548922731
0.121758685,-0.019802628,1.0,1.0,1.0,0,-0.019802628,-0.0,-0.019802628085017204,-2.057522177007748
-0.007901093,0.007472015,-1.0,-1.0,1.0,1,-0.007472015,-0.006018072325563021,-0.013490087311541624,-2.0710122643192896
0.012279258,0.0074165976,1.0,1.0,-1.0,1,0.0074165976,-0.006018072325563021,0.0013985252419356628,-2.069613739077354
0.003156648,0.0049140146,1.0,1.0,1.0,0,0.0049140146,-0.0,0.004914014600217342,-2.0646997244771366
0.0031994751,0.024214258,1.0,1.0,1.0,0,0.024214258,-0.0,0.024214258417487144,-2.0404854660596494
0.006130488,0.04216081,1.0,1.0,1.0,0,0.04216081,-0.0,0.04216080904006958,-1.9983246570195798
-0.013757961,0.018182319,-1.0,-1.0,1.0,1,-0.018182319,-0.006018072325563021,-0.024200390983199663,-2.0225250480027794
-0.013690282,-0.01132515,-1.0,-1.0,-1.0,0,0.01132515,-0.0,0.011325149796903133,-2.0111998982058763
-0.022447728,-0.009153382,-1.0,-1.0,-1.0,0,0.009153382,-0.0,0.009153381921350956,-2.0020465162845253
0.01621404,-0.002301497,1.0,1.0,-1.0,1,-0.002301497,-0.006018072325563021,-0.008319569244807548,-2.010366085529333
0.027079524,-0.009259325,1.0,1.0,1.0,0,-0.009259325,-0.0,-0.009259325452148914,-2.0196254109814817
-0.0007486902,0.0,-1.0,-1.0,1.0,1,-0.0,-0.006018072325563021,-0.006018072325563021,-2.0256434833070447
0.0023651924,0.011560823,1.0,1.0,-1.0,1,0.011560823,-0.006018072325563021,0.005542750511491708,-2.020100732795553
0.006571891,0.0068728793,1.0,1.0,1.0,0,0.0068728793,-0.0,0.006872879341244698,-2.013227853454308
0.009413368,-0.004576667,1.0,1.0,1.0,0,-0.004576667,-0.0,-0.004576667211949825,-2.017804520666258
0.020137247,-0.016185325,1.0,1.0,1.0,0,-0.016185325,-0.0,-0.016185324639081955,-2.03398984530534
0.008785968,0.011587615,1.0,1.0,1.0,0,0.011587615,-0.0,0.011587615124881268,-2.0224022301804587
0.013864592,-0.009259325,1.0,1.0,1.0,0,-0.009259325,-0.0,-0.009259325452148914,-2.0316615556326076
0.0016553807,-0.0070011956,1.0,1.0,1.0,0,-0.0070011956,-0.0,-0.007001195568591356,-2.038662751201199
0.016716938,0.004672906,1.0,1.0,1.0,0,0.004672906,-0.0,0.004672905895859003,-2.03398984530534
0.0032402587,0.0023282897,1.0,1.0,1.0,0,0.0023282897,-0.0,0.002328289672732353,-2.0316615556326076
0.0011470928,0.0,1.0,1.0,1.0,0,0.0,-0.0,0.0,-2.0316615556326076
0.005502479,-0.004662013,1.0,1.0,1.0,0,-0.004662013,-0.0,-0.0046620131470263,-2.036323568779634
0.0008544214,0.034446575,1.0,1.0,1.0,0,0.034446575,-0.0,0.03444657474756241,-2.0018769940320715
0.0222123,0.026727648,1.0,1.0,1.0,0,0.026727648,-0.0,0.026727648451924324,-1.9751493455801472
-0.010453694,0.053488687,-1.0,-1.0,1.0,1,-0.053488687,-0.006018072325563021,-0.05950675900635678,-2.034656104586504
0.008120378,0.0,1.0,1.0,-1.0,1,0.0,-0.006018072325563021,-0.006018072325563021,-2.040674176912067
-0.0023035519,-0.038221214,-1.0,-1.0,1.0,1,0.038221214,-0.006018072325563021,0.03220314164104503,-2.0084710352710218
0.06271413,0.012903404,1.0,1.0,-1.0,1,0.012903404,-0.006018072325563021,0.0068853320965413375,-2.0015857031744804
-0.04476695,0.014846508,-1.0,-1.0,1.0,1,-0.014846508,-0.006018072325563021,-0.020864580716764516,-2.022450283891245
-0.002618962,0.0104713,-1.0,-1.0,-1.0,0,-0.0104713,-0.0,-0.010471300221979618,-2.0329215841132244
0.0040804744,0.0,1.0,1.0,-1.0,1,0.0,-0.006018072325563021,-0.006018072325563021,-2.0389396564387874
0.012320531,-0.025317809,1.0,1.0,1.0,0,-0.025317809,-0.0,-0.025317808613181114,-2.0642574650519685
0.0192682,0.025317809,1.0,1.0,1.0,0,0.025317809,-0.0,0.025317808613181114,-2.0389396564387874
-0.008422417,0.0,-1.0,-1.0,1.0,1,-0.0,-0.006018072325563021,-0.006018072325563021,-2.0449577287643503
-0.012235478,-0.00836825,-1.0,-1.0,-1.0,0,0.00836825,-0.0,0.008368249982595444,-2.036589478781755
0.0040261867,0.006282743,1.0,1.0,-1.0,1,0.006282743,-0.006018072325563021,0.00026467074098628,-2.0363248080407685
0.0051270425,-0.0147216115,1.0,1.0,1.0,0,-0.0147216115,-0.0,-0.014721611514687538,-2.051046419555456
0.0011938568,0.0042283363,1.0,1.0,1.0,0,0.0042283363,-0.0,0.0042283362708985806,-2.0468180832845575
0.03744573,0.012578783,1.0,1.0,1.0,0,0.012578783,-0.0,0.012578782625496387,-2.034239300659061
0.010614915,0.00623055,1.0,1.0,1.0,0,0.00623055,-0.0,0.0062305498868227005,-2.0280087507722384
0.008231751,0.0061919703,1.0,1.0,1.0,0,0.0061919703,-0.0,0.006191970314830542,-2.021816780457408
0.003271189,-0.01242252,1.0,1.0,1.0,0,-0.01242252,-0.0,-0.012422519735991955,-2.0342393001934
-0.013922181,-0.025317809,-1.0,-1.0,1.0,1,0.025317809,-0.006018072325563021,0.019299736287618094,-2.0149395639057817
0.030577507,-0.010741242,1.0,1.0,-1.0,1,-0.010741242,-0.006018072325563021,-0.016759314533149786,-2.0316988784389314
0.0023473315,0.010741242,1.0,1.0,1.0,0,0.010741242,-0.0,0.010741242207586765,-2.0209576362313446
0.014956872,-0.0042826617,1.0,1.0,1.0,0,-0.0042826617,-0.0,-0.004282661713659763,-2.0252402979450044
0.011309148,-0.012959145,1.0,1.0,1.0,0,-0.012959145,-0.0,-0.01295914500951767,-2.038199442954522
0.007412575,0.012959145,1.0,1.0,1.0,0,0.012959145,-0.0,0.01295914500951767,-2.0252402979450044
-0.028326899,-0.01731645,-1.0,-1.0,1.0,1,0.01731645,-0.006018072325563021,0.01129837710800212,-2.013941920837002
0.01571864,-0.0043763747,1.0,1.0,-1.0,1,-0.0043763747,-0.006018072325563021,-0.010394446976309604,-2.0243363678133117
-0.0102740545,0.0,-1.0,-1.0,1.0,1,-0.0,-0.006018072325563021,-0.006018072325563021,-2.0303544401388747
0.017697947,0.00873368,1.0,1.0,-1.0,1,0.00873368,-0.006018072325563021,0.00271560721489232,-2.0276388329239823
0.004643511,0.01937628,1.0,1.0,1.0,0,0.01937628,-0.0,0.019376279786229134,-2.008262553137753
0.0056136297,0.014815086,1.0,1.0,1.0,0,0.014815086,-0.0,0.01481508556753397,-1.9934474675702192
0.00061087543,0.041158073,1.0,1.0,1.0,0,0.041158073,-0.0,0.04115807265043259,-1.9522893949197866
0.028286586,0.017982503,1.0,1.0,1.0,0,0.017982503,-0.0,0.01798250339925289,-1.9343068915205337
0.001450872,0.0059230183,1.0,1.0,1.0,0,0.0059230183,-0.0,0.005923018325120211,-1.9283838731954135
0.030722976,-0.02794593,1.0,1.0,1.0,0,-0.02794593,-0.0,-0.027945930138230324,-1.9563298033336438
0.017615259,-0.0040568006,1.0,1.0,1.0,0,-0.0040568006,-0.0,-0.004056800622493029,-1.9603866039561368
-0.001047112,-0.0143298255,-1.0,-1.0,1.0,1,0.0143298255,-0.006018072325563021,0.008311753202403002,-1.9520748507537338
-0.006825638,-0.0020639843,-1.0,-1.0,-1.0,0,0.0020639843,-0.0,0.0020639842841774225,-1.9500108664695563
-0.0020254245,0.010277582,-1.0,-1.0,-1.0,0,-0.010277582,-0.0,-0.010277582332491875,-1.9602884488020482
0.0077604474,0.014213437,1.0,1.0,-1.0,1,0.014213437,-0.006018072325563021,0.008195364888930731,-1.9520930839131174
0.00424568,-0.018311804,1.0,1.0,1.0,0,-0.018311804,-0.0,-0.01831180416047573,-1.9704048880735932
-0.0067826714,-0.016563525,-1.0,-1.0,1.0,1,0.016563525,-0.006018072325563021,0.010545453097844534,-1.9598594349757485
-0.032942597,0.0,-1.0,-1.0,-1.0,0,-0.0,-0.0,-0.0,-1.9598594349757485
0.034012176,0.0020855065,1.0,1.0,-1.0,1,0.0020855065,-0.006018072325563021,-0.003932565875178166,-1.9637920008509266
0.0109894,0.020619288,1.0,1.0,1.0,0,0.020619288,-0.0,0.020619288086891174,-1.9431727127640355
0.015897289,0.0040733255,1.0,1.0,1.0,0,0.0040733255,-0.0,0.004073325544595718,-1.9390993872194398
0.01283699,0.012121361,1.0,1.0,1.0,0,0.012121361,-0.0,0.012121360749006271,-1.9269780264704335
0.013420522,-0.018237587,1.0,1.0,1.0,0,-0.018237587,-0.0,-0.018237587064504623,-1.945215613534938
-0.032641668,-0.018576385,-1.0,-1.0,1.0,1,0.018576385,-0.006018072325563021,0.012558313127780371,-1.9326573004071577
-0.037227485,0.014478019,-1.0,-1.0,-1.0,0,-0.014478019,-0.0,-0.014478019438683987,-1.9471353198458417
-0.0087311,0.0,-1.0,-1.0,-1.0,0,-0.0,-0.0,-0.0,-1.9471353198458417
0.0039704684,-0.0020554992,1.0,1.0,-1.0,1,-0.0020554992,-0.006018072325563021,-0.008073571562593765,-1.9552088914084353
-0.019480381,-0.002059733,-1.0,-1.0,1.0,1,0.002059733,-0.006018072325563021,-0.003958339296108075,-1.9591672307045433
0.0020122551,-0.020834086,1.0,1.0,-1.0,1,-0.020834086,-0.006018072325563021,-0.02685215878841836,-1.9860193894929616
0.009453241,-0.016985547,1.0,1.0,1.0,0,-0.016985547,-0.0,-0.016985546797513962,-2.0030049362904756
0.011881805,-0.004291852,1.0,1.0,1.0,0,-0.004291852,-0.0,-0.004291852004826069,-2.0072967882953017
-0.021674404,0.021277398,-1.0,-1.0,1.0,1,-0.021277398,-0.006018072325563021,-0.027295470196580476,-2.034592258491882
0.00695498,0.0062959283,1.0,1.0,-1.0,1,0.0062959283,-0.006018072325563021,0.0002778559403363986,-2.0343144025515456
0.005174558,0.0041753715,1.0,1.0,1.0,0,0.0041753715,-0.0,0.004175371490418911,-2.0301390310611267
0.0025276495,-0.006269613,1.0,1.0,1.0,0,-0.006269613,-0.0,-0.006269612815231085,-2.036408643876358
0.01434464,-0.0020986367,1.0,1.0,1.0,0,-0.0020986367,-0.0,-0.0020986367017030716,-2.038507280578061
0.0084564295,-0.0042105326,1.0,1.0,1.0,0,-0.0042105326,-0.0,-0.004210532642900944,-2.042717813220962
-0.0018618945,-0.02132277,-1.0,-1.0,1.0,1,0.02132277,-0.006018072325563021,0.015304697718644553,-2.027413115502317
0.01495311,0.0,1.0,1.0,-1.0,1,0.0,-0.006018072325563021,-0.006018072325563021,-2.03343118782788
-0.0030831005,0.0,-1.0,-1.0,1.0,1,-0.0,-0.006018072325563021,-0.006018072325563021,-2.039449260153443
0.017280243,-0.0043196613,1.0,1.0,-1.0,1,-0.0043196613,-0.006018072325563021,-0.010337733622467107,-2.04978699377591
-0.007246336,0.0043196613,-1.0,-1.0,1.0,1,-0.0043196613,-0.006018072325563021,-0.010337733622467107,-2.060124727398377
0.0062230276,-0.008658063,1.0,1.0,-1.0,1,-0.008658063,-0.006018072325563021,-0.014676134992217607,-2.0748008623905947
0.0053131264,0.0,1.0,1.0,1.0,0,0.0,-0.0,0.0,-2.0748008623905947
0.00166786,0.0065005645,1.0,1.0,1.0,0,0.0065005645,-0.0,0.006500564515590668,-2.068300297875004
0.0018171459,0.0021574982,1.0,1.0,1.0,0,0.0021574982,-0.0,0.002157498151063919,-2.06614279972394
0.008046487,-0.010834342,1.0,1.0,1.0,0,-0.010834342,-0.0,-0.010834341868758202,-2.0769771415926983
0.02003289,0.0,1.0,1.0,1.0,0,0.0,-0.0,0.0,-2.0769771415926983
0.0070822416,-0.0043668193,1.0,1.0,1.0,0,-0.0043668193,-0.0,-0.004366819281131029,-2.0813439608738293
0.00003296323,0.0043668193,1.0,1.0,1.0,0,0.0043668193,-0.0,0.004366819281131029,-2.0769771415926983
0.006207995,0.006514681,1.0,1.0,1.0,0,0.006514681,-0.0,0.006514681037515402,-2.070462460555183
-0.0144238155,-0.0108815,-1.0,-1.0,1.0,1,0.0108815,-0.006018072325563021,0.00486342799308341,-2.0655990325620994
-0.002154123,0.0065430985,-1.0,-1.0,-1.0,0,-0.0065430985,-0.0,-0.006543098483234644,-2.072142131045334
0.009422116,0.0021715534,1.0,1.0,-1.0,1,0.0021715534,-0.006018072325563021,-0.003846518887033649,-2.0759886499323676
-0.0046203155,0.012931215,-1.0,-1.0,1.0,1,-0.012931215,-0.006018072325563021,-0.018949286971067972,-2.0949379369034355
-0.00048830546,-0.019460073,-1.0,-1.0,-1.0,0,0.019460073,-0.0,0.019460072740912437,-2.075477864162523
-0.026653465,0.0043573054,-1.0,-1.0,-1.0,0,-0.0043573054,-0.0,-0.004357305355370045,-2.079835169517893
0.0038864482,-0.00873368,1.0,1.0,-1.0,1,-0.00873368,-0.006018072325563021,-0.014751751866018362,-2.0945869213839114
0.0052378033,-0.0021953906,1.0,1.0,1.0,0,-0.0021953906,-0.0,-0.0021953906398266554,-2.096782312023738
0.003217513,0.006571765,1.0,1.0,1.0,0,0.006571765,-0.0,0.006571765057742596,-2.0902105469659955
0.0032820199,0.002181026,1.0,1.0,1.0,0,0.002181026,-0.0,0.0021810259204357862,-2.0880295210455597
0.007537996,0.021552559,1.0,1.0,1.0,0,0.021552559,-0.0,0.02155255898833275,-2.066476962057227
0.018591465,-0.0021344726,1.0,1.0,1.0,0,-0.0021344726,-0.0,-0.0021344725973904133,-2.0686114346546174
0.0076970165,0.023232302,1.0,1.0,1.0,0,0.023232302,-0.0,0.02323230169713497,-2.0453791329574824
0.033111356,-0.008385793,1.0,1.0,1.0,0,-0.008385793,-0.0,-0.008385793305933475,-2.053764926263416
-0.03367692,0.004201687,-1.0,-1.0,1.0,1,-0.004201687,-0.006018072325563021,-0.010219759266650266,-2.063984685530066
-0.00089322636,-0.008421103,-1.0,-1.0,-1.0,0,0.008421103,-0.0,0.008421102538704872,-2.055563582991361
0.0064116605,0.012605209,1.0,1.0,-1.0,1,0.012605209,-0.006018072325563021,0.0065871365779880805,-2.048976446413373
-0.035660107,-0.033973545,-1.0,-1.0,1.0,1,0.033973545,-0.006018072325563021,0.02795547251048129,-2.0210209739028917
0.006301123,-0.024044875,1.0,1.0,-1.0,1,-0.024044875,-0.006018072325563021,-0.03006294738111455,-2.051083921284006
0.0031748358,0.0,1.0,1.0,1.0,0,0.0,-0.0,0.0,-2.051083921284006
-0.020205949,-0.004434597,-1.0,-1.0,1.0,1,0.004434597,-0.006018072325563021,-0.001583475112741776,-2.052667396396748
0.0048349677,-0.029314388,1.0,1.0,-1.0,1,-0.029314388,-0.006018072325563021,-0.03533245991525609,-2.087999856312004
0.0025002197,0.004566218,1.0,1.0,1.0,0,0.004566218,-0.0,0.00456621777266264,-2.0834336385393413
0.005499014,0.009070357,1.0,1.0,1.0,0,0.009070357,-0.0,0.00907035730779171,-2.0743632812315496
0.004929238,0.006749182,1.0,1.0,1.0,0,0.006749182,-0.0,0.006749182008206844,-2.0676140992233427
0.008587532,0.030907538,1.0,1.0,1.0,0,0.030907538,-0.0,0.030907537788152695,-2.03670656143519
-0.012583004,0.0,-1.0,-1.0,1.0,1,-0.0,-0.006018072325563021,-0.006018072325563021,-2.042724633760753
0.0038275816,-0.026433257,1.0,1.0,-1.0,1,-0.026433257,-0.006018072325563021,-0.03245132971165139,-2.0751759634724043
0.0108503215,-0.045670036,1.0,1.0,1.0,0,-0.045670036,-0.0,-0.045670036226511,-2.1208459996989153
-0.020295404,-0.0070340266,-1.0,-1.0,1.0,1,0.0070340266,-0.006018072325563021,0.00101595422642868,-2.1198300454724865
0.0023144074,0.004694844,1.0,1.0,-1.0,1,0.004694844,-0.006018072325563021,-0.0013232281951363759,-2.121153273667623
0.008068425,0.0,1.0,1.0,1.0,0,0.0,-0.0,0.0,-2.121153273667623
0.015334278,0.011641575,1.0,1.0,1.0,0,0.011641575,-0.0,0.011641575023531914,-2.109511698644091
-0.008697053,0.013793322,-1.0,-1.0,1.0,1,-0.013793322,-0.006018072325563021,-0.019811394583260603,-2.1293230932273515
0.0018728897,-0.018433701,1.0,1.0,-1.0,1,-0.018433701,-0.006018072325563021,-0.024451773572539873,-2.1537748667998913
-0.007949395,0.0,-1.0,-1.0,1.0,1,-0.0,-0.006018072325563021,-0.006018072325563021,-2.1597929391254542
0.014571875,-0.009345862,1.0,1.0,-1.0,1,-0.009345862,-0.006018072325563021,-0.015363934408700056,-2.175156873534154
0.0039532045,-0.004705891,1.0,1.0,1.0,0,-0.004705891,-0.0,-0.004705891013145447,-2.1798627645472997
0.023876304,0.0023557136,1.0,1.0,1.0,0,0.0023557136,-0.0,0.0023557136300951242,-2.1775070509172045
0.011845227,0.0023501774,1.0,1.0,1.0,0,0.0023501774,-0.0,0.0023501773830503225,-2.175156873534154
0.0045689503,0.0,1.0,1.0,1.0,0,0.0,-0.0,0.0,-2.175156873534154
0.0060436446,0.009345862,1.0,1.0,1.0,0,0.009345862,-0.0,0.009345862083137035,-2.165811011451017
0.0005662311,0.0,1.0,1.0,1.0,0,0.0,-0.0,0.0,-2.165811011451017
0.009020235,-0.004662013,1.0,1.0,1.0,0,-0.004662013,-0.0,-0.0046620131470263,-2.1704730245980435
-0.004692915,-0.0070340266,-1.0,-1.0,1.0,1,0.0070340266,-0.006018072325563021,0.00101595422642868,-2.1694570703716147
0.005493215,0.004694844,1.0,1.0,-1.0,1,0.004694844,-0.006018072325563021,-0.0013232281951363759,-2.170780298566751
0.0064528426,-0.007050558,1.0,1.0,1.0,0,-0.007050558,-0.0,-0.007050557993352413,-2.1778308565601034
